;modelo;previsto;real
0;Regressão logística;0,13097444652381512;0,14212827988338192
1;Regressão logística;0,23405433165209732;0,20787746170678337
2;Regressão logística;0,3022221914396766;0,25164113785557984
3;Regressão logística;0,36093219540833904;0,3274981765134938
4;Regressão logística;0,4206283320092007;0,3770970094821298
5;Regressão logística;0,48997904976556805;0,5317286652078774
6;Regressão logística;0,5865854595717855;0,6382202771699489
7;Regressão logística;0,6941908306226863;0,7709700948212983
8;Regressão logística;0,804134008747048;0,838074398249453
9;Regressão logística;0,9172934013331223;0,862873814733771
10;Gradient Boosting;0,11590456776276771;0,11005830903790087
11;Gradient Boosting;0,20958444771103535;0,2210065645514223
12;Gradient Boosting;0,2677598966655265;0,2574762946754194
13;Gradient Boosting;0,3349370016351417;0,31145149525893506
14;Gradient Boosting;0,4043040824008779;0,39095550692924874
15;Gradient Boosting;0,5007538398101995;0,5069292487235595
16;Gradient Boosting;0,6387191855220529;0,6396790663749088
17;Gradient Boosting;0,7919680286715975;0,7972283005105762
18;Gradient Boosting;0,8292693935122559;0,8395331874544129
19;Gradient Boosting;0,8595065082390937;0,8738147337709701
20;MLP NumPy;0,1201577163586507;0,12317784256559766
21;MLP NumPy;0,20224836911057834;0,2137126185266229
22;MLP NumPy;0,26741734780724424;0,2487235594456601
23;MLP NumPy;0,3355235999774794;0,31072210065645517
24;MLP NumPy;0,4206432096937292;0,4099197665937272
25;MLP NumPy;0,5173712464512742;0,4886943836615609
26;MLP NumPy;0,6451185945608945;0,649890590809628
27;MLP NumPy;0,7840051230594766;0,7957695113056164
28;MLP NumPy;0,8333960697217896;0,838074398249453
29;MLP NumPy;0,8738305048295654;0,8694383661560905
30;MLP Keras;0,11094621004219067;0,11588921282798834
31;MLP Keras;0,20275413178119409;0,21954777534646244
32;MLP Keras;0,2764362177433192;0,25309992706053974
33;MLP Keras;0,3410648554020081;0,3136396790663749
34;MLP Keras;0,4126497972063736;0,38439095550692925
35;MLP Keras;0,5261983744729444;0,5185995623632386
36;MLP Keras;0,6646269081197108;0,6229029905178701
37;MLP Keras;0,7819486123901662;0,8023340627279358
38;MLP Keras;0,827963912904393;0,8606856309263311
39;MLP Keras;0,8763294575163955;0,8570386579139314
40;MLP PyTorch;0,1112677872604514;0,11370262390670553
41;MLP PyTorch;0,19728168277823951;0,22684172137126185
42;MLP PyTorch;0,265760010052649;0,23778264040846098
43;MLP PyTorch;0,32793184230138056;0,32093362509117435
44;MLP PyTorch;0,403855309814193;0,387308533916849
45;MLP PyTorch;0,5018795750855878;0,5171407731582787
46;MLP PyTorch;0,6482079718601608;0,6309263311451495
47;MLP PyTorch;0,8029580683624719;0,8023340627279358
48;MLP PyTorch;0,8472237971296804;0,8424507658643327
49;MLP PyTorch;0,8838587786749624;0,8687089715536105
