epoca;perda;perda_val
0;0,566116988658905;0,5646885633468628
1;0,5597361922264099;0,5588673949241638
2;0,5556825399398804;0,5546354651451111
3;0,5535667538642883;0,55238276720047
4;0,551968514919281;0,5507922768592834
5;0,5516024827957153;0,550636887550354
6;0,5497859120368958;0,5484223961830139
7;0,549518346786499;0,5479629635810852
8;0,5489345192909241;0,5480101704597473
9;0,5479225516319275;0,5464091300964355
10;0,5471616387367249;0,5460101366043091
11;0,547300398349762;0,5459880232810974
12;0,5462349057197571;0,5449724197387695
13;0,5459980368614197;0,5448881387710571
14;0,545701265335083;0,5446376800537109
15;0,5455080270767212;0,5441494584083557
16;0,5451342463493347;0,5440889000892639
17;0,5449089407920837;0,5438767075538635
18;0,5447670817375183;0,5436674356460571
19;0,5444400310516357;0,5435091853141785
20;0,5444567203521729;0,5435121059417725
21;0,5440739393234253;0,5431973934173584
22;0,5441026091575623;0,5433244705200195
23;0,5437772870063782;0,5431830883026123
24;0,5437241792678833;0,543164074420929
25;0,5436629056930542;0,5431076288223267
26;0,5445006489753723;0,5442923307418823
27;0,5433357954025269;0,5427082180976868
28;0,5431951880455017;0,5426978468894958
29;0,5434454679489136;0,5427333116531372
30;0,5429367423057556;0,5426408648490906
31;0,5433458089828491;0,5432725548744202
32;0,5428866147994995;0,5428234934806824
33;0,5428606867790222;0,5425127148628235
34;0,5426409840583801;0,542445182800293
35;0,542452335357666;0,5422521829605103
36;0,5423202514648438;0,542312741279602
37;0,5428062677383423;0,5431508421897888
38;0,5421367883682251;0,5419485569000244
39;0,5419871807098389;0,5421831607818604
40;0,5420793294906616;0,5424296259880066
41;0,5428491830825806;0,5427494049072266
42;0,5417364239692688;0,5419499278068542
43;0,5417105555534363;0,5421397686004639
44;0,5415740013122559;0,5418329834938049
45;0,5414832234382629;0,5418801307678223
46;0,5414271354675293;0,5421810746192932
47;0,5412938594818115;0,5418556332588196
48;0,5414426326751709;0,5423628687858582
49;0,5411585569381714;0,5421056747436523
50;0,5410540699958801;0,5420093536376953
51;0,5409374833106995;0,5419391393661499
52;0,5410841703414917;0,5419975519180298
53;0,5412113666534424;0,5420371294021606
54;0,5409309267997742;0,5418012738227844
55;0,5408279299736023;0,542183518409729
56;0,5409730076789856;0,5419965982437134
57;0,5405098795890808;0,5417671203613281
58;0,5404922962188721;0,5417057275772095
59;0,540462851524353;0,5417677760124207
60;0,5404311418533325;0,5419973134994507
61;0,5403400659561157;0,5418574213981628
62;0,5404773354530334;0,5422081351280212
63;0,5403845906257629;0,5422295331954956
64;0,5402059555053711;0,5416816473007202
65;0,5406216979026794;0,5419383645057678
66;0,5409526824951172;0,5430449843406677
67;0,5399230122566223;0,5418084263801575
68;0,5401617884635925;0,5419459342956543
69;0,5399540662765503;0,5421037673950195
70;0,5401132106781006;0,5418540239334106
71;0,539966344833374;0,5421354174613953
72;0,5399177074432373;0,5422225594520569
73;0,5397119522094727;0,5417296886444092
74;0,5396407842636108;0,5419620275497437
