;perda
0;0,6937724721132913
1;0,6878042387095945
2;0,6821835921353099
3;0,6768896713882434
4;0,671902562633776
5;0,667203330683778
6;0,662774033200278
7;0,6585977201453942
8;0,6546584210009385
9;0,6509411221673755
10;0,6474317367568209
11;0,6441170687506235
12;0,6409847732258057
13;0,6380233140870085
14;0,6352219204861594
15;0,6325705428799135
16;0,6300598094697791
17;0,6276809835932472
18;0,6254259224855655
19;0,62328703770903
20;0,6212572574471007
21;0,6193299907812764
22;0,617499094006479
23;0,6157588389928977
24;0,6141038835662774
25;0,6125292438522768
26;0,6110302685118684
27;0,6096026147822009
28;0,6082422262295482
29;0,6069453121168684
30;0,6057083282871676
31;0,6045279594646298
32;0,6034011028777583
33;0,6023248531121164
34;0,6012964881043433
35;0,6003134561936476
36;0,599373364151766
37;0,5984739661172571
38;0,5976131533648574
39;0,5967889448453906
40;0,595999478436313
41;0,5952430028473827
42;0,594517870130105
43;0,593822528743541
44;0,5931555171327547
45;0,5925154577796107
46;0,5919010516888363
47;0,5913110732752342
48;0,5907443656206717
49;0,5901998360720135
50;0,5896764521535006
51;0,5891732377692283
52;0,5886892696733581
53;0,5882236741875112
54;0,5877756241464633
55;0,5873443360547898
56;0,5869290674385129
57;0,5865291143770908
58;0,5861438092022673
59;0,5857725183513813
60;0,585414640363726
61;0,5850696040094544
62;0,5847368665413614
63;0,5844159120606328
64;0,584106249988353
65;0,5838074136352001
66;0,583518958862349
67;0,5832404628271407
68;0,5829715228075699
69;0,5827117551000977
70;0,5824607939857135
71;0,5822182907595563
72;0,5819839128197507
73;0,5817573428114445
74;0,581538277822328
75;0,5813264286261906
76;0,5811215189713222
77;0,580923284910801
78;0,5807314741719201
79;0,5805458455622052
80;0,5803661684096588
81;0,5801922220350307
82;0,5800237952540724
83;0,5798606859078758
84;0,579702700419528
85;0,579549653375438
86;0,5794013671298021
87;0,5792576714307807
88;0,5791184030670578
89;0,5789834055335399
90;0,5788525287150387
91;0,5787256285868566
92;0,5786025669312667
93;0,5784832110689428
94;0,5783674336044626
95;0,5782551121850557
96;0,5781461292718292
97;0,5780403719227497
98;0,5779377315867043
99;0,5778381039080108
100;0,5777413885407843
101;0,5776474889726031
102;0,5775563123569555
103;0,5774677693539763
104;0,5773817739790175
105;0,5772982434586197
106;0,577217098093481
107;0,5771382611280442
108;0,5770616586263435
109;0,5769872193537757
110;0,5769148746644799
111;0,5768445583940277
112;0,5767762067571454
113;0,576709758250202
114;0,5766451535582179
115;0,5765823354661559
116;0,57652124877428
117;0,5764618402173669
118;0,5764040583875788
119;0,5763478536608112
120;0,5762931781263382
121;0,5762399855195942
122;0,5761882311579332
123;0,5761378718792178
124;0,5760888659831016
125;0,5760411731748696
126;0,5759947545117144
127;0,5759495723513292
128;0,5759055903027059
129;0,5758627731790334
130;0,5758210869525954
131;0,5757804987115721
132;0,575740976618658
133;0,5757024898714086
134;0,5756650086642369
135;0,5756285041519813
136;0,575592948414974
137;0,5755583144255402
138;0,5755245760158623
139;0,5754917078471474
140;0,57545968538004
141;0,5754284848462213
142;0,5753980832211447
143;0,5753684581978551
144;0,5753395881618444
145;0,575311452166898
146;0,5752840299118872
147;0,5752573017184678
148;0,5752312485096445
149;0,575205851789164
150;0,5751810936217006
151;0,5751569566138012
152;0,5751334238955559
153;0,5751104791029646
154;0,5750881063609699
155;0,575066290267127
156;0,5750450158758859
157;0,5750242686834596
158;0,5750040346132524
159;0,5749843000018275
160;0,5749650515853905
161;0,5749462764867668
162;0,5749279622028562
163;0,57491009659254
164;0,5748926678650267
165;0,5748756645686174
166;0,574859075579873
167;0,5748428900931679
168;0,5748270976106162
169;0,5748116879323523
170;0,5747966511471564
171;0,5747819776234071
172;0,5747676580003506
173;0,5747536831796751
174;0,5747400443173752
175;0,574726732815899
176;0,5747137403165642
177;0,5747010586922345
178;0,5746886800402453
179;0,5746765966755706
180;0,5746648011242202
181;0,5746532861168607
182;0,5746420445826493
183;0,5746310696432751
184;0,5746203546071985
185;0,5746098929640818
186;0,5745996783794043
187;0,5745897046892541
188;0,5745799658952924
189;0,57457045615988
190;0,5745611698013657
191;0,5745521012895249
192;0,5745432452411472
193;0,5745345964157659
194;0,5745261497115242
195;0,5745179001611748
196;0,5745098429282055
197;0,5745019733030892
198;0,5744942866996515
199;0,5744867786515541
