epoca;taxa 0.001;taxa 0.01;taxa 0.05;taxa 0.2;taxa 1
0;0,6756355166435242;0,5978979468345642;0,5646885633468628;0,5526000261306763;0,5464649200439453
1;0,6590356826782227;0,576866865158081;0,5588673949241638;0,5488865971565247;0,5450711846351624
2;0,6459132432937622;0,5700242519378662;0,5546354651451111;0,5476697683334351;0,5468039512634277
3;0,6351959109306335;0,5666919946670532;0,55238276720047;0,5443407893180847;0,5433403849601746
4;0,6262878179550171;0,5644676089286804;0,5507922768592834;0,544139564037323;0,5425056219100952
5;0,6187808513641357;0,5628463625907898;0,550636887550354;0,5459670424461365;0,5453011989593506
6;0,6123632192611694;0,5612897276878357;0,5484223961830139;0,5431195497512817;0,5430299639701843
7;0,6068510413169861;0,5600466728210449;0,5479629635810852;0,5487298965454102;0,5695558190345764
8;0,6020548343658447;0,5590611696243286;0,5480101704597473;0,5483854413032532;0,5545949935913086
9;0,5978853106498718;0,5580093860626221;0,5464091300964355;0,5459696054458618;0,5499470233917236
10;0,5942481160163879;0,557161808013916;0,5460101366043091;0,5425011515617371;0,5432733297348022
11;0,5910958051681519;0,5563730001449585;0,5459880232810974;0,544050395488739;0,5478584170341492
12;0,5883632302284241;0,5556480288505554;0,5449724197387695;0,5422461628913879;0,5468124747276306
13;0,5859790444374084;0,5550262331962585;0,5448881387710571;0,5431224703788757;0,5424109697341919
14;0,5838894248008728;0,5544370412826538;0,5446376800537109;0,5442925691604614;0,5467212200164795
15;0,5820556282997131;0,5538903474807739;0,5441494584083557;0,5418078303337097;0,5420323610305786
16;0,5804567933082581;0,5534429550170898;0,5440889000892639;0,5424359440803528;0,5461231470108032
17;0,579051673412323;0,552975058555603;0,5438767075538635;0,542884349822998;0,5470725893974304
18;0,5778067708015442;0,5525445938110352;0,5436674356460571;0,5419437289237976;0,5438599586486816
19;0,5766997337341309;0,5521610975265503;0,5435091853141785;0,5421773791313171;0,5455233454704285
20;0,5757130980491638;0,5517999529838562;0,5435121059417725;0,5421301126480103;0,5426809787750244
21;0,5748252868652344;0,5514594912528992;0,5431973934173584;0,5418411493301392;0,5442600846290588
22;0,5740290880203247;0,5511460900306702;0,5433244705200195;0,5421662926673889;0,5439779162406921
23;0,5733018517494202;0,5508725643157959;0,5431830883026123;0,5424638986587524;0,5466364622116089
24;0,572640061378479;0,5505812764167786;0,543164074420929;0,5423532724380493;0,5447508096694946
25;0,5720303058624268;0,5503310561180115;0,5431076288223267;0,5425383448600769;0,5432540774345398
26;0,571469783782959;0,5501879453659058;0,5442923307418823;0,5493537187576294;0,5589762330055237
27;0,5709502696990967;0,5498589873313904;0,5427082180976868;0,5418686866760254;0,5431196689605713
28;0,5704699754714966;0,5495954155921936;0,5426978468894958;0,5419234037399292;0,5422562956809998
29;0,5700228214263916;0,5493538975715637;0,5427333116531372;0,543231725692749;0,5508996844291687
30;0,5696048736572266;0,5491592884063721;0,5426408648490906;0,5424131751060486;0,5428294539451599
31;0,5692128539085388;0,5489928126335144;0,5432725548744202;0,5450994968414307;0,549533486366272
32;0,5688422918319702;0,5487747192382812;0,5428234934806824;0,5427812337875366;0,5418815612792969
33;0,5684930086135864;0,5485659837722778;0,5425127148628235;0,5419662594795227;0,5423886775970459
34;0,5681613087654114;0,5483881831169128;0,542445182800293;0,5422688722610474;0,5413301587104797
35;0,5678466558456421;0,5482146143913269;0,5422521829605103;0,5430803894996643;0,5423505306243896
36;0,5675444602966309;0,548026978969574;0,542312741279602;0,5437520742416382;0,5479924082756042
37;0,5672584176063538;0,5480071902275085;0,5431508421897888;0,5446597933769226;0,5475242137908936
38;0,5669817328453064;0,5477519631385803;0,5419485569000244;0,5422381162643433;0,5430842638015747
39;0,5667166113853455;0,5475929379463196;0,5421831607818604;0,5420699119567871;0,5429022312164307
