camada;peso;analitico;numerico;dif_relativa
0;(0,0);0,0038472141745816905;0,0038472141750123252;5,596708098439935e-11
0;(1,0);0,028939653866770446;0,028939653873294443;1,127172538070095e-10
0;(2,0);0,050347598051829395;0,0503475980517809;4,81611152974048e-13
1;(0,0);-0,0008483326656592267;-0,0008483326652264366;2,5508276771552246e-10
1;(1,0);-0,020209436027944862;-0,020209436030205197;5,592274513759346e-11
1;(2,0);-0,006817556264016589;-0,006817556269522739;4,0382139932639554e-10
2;(0,0);0,0031237838446661766;0,0031237838482578435;5,748904327233578e-10
2;(1,0);-4,2230697215361475e-05;-4,2230696717382436e-05;5,895936772874714e-09
2;(2,0);0,2797890878536364;0,2797890878480924;9,907380997596368e-12
