;bloco 1;bloco 2;queda_auc_permutacao;posicao_permutacao;posicao_bloco 1;posicao_bloco 2
Pressão sistólica;0,19275677;0,117331095;0,1833814407357319;1;1;1
Idade (anos);0,1332962;0,08372641;0,0318080965139147;2;3;4
Colesterol;0,14485872;0,090043806;0,0291846566688729;3;2;3
Pressão diastólica;0,048597597;0,06799259;0,0032235917662905;4;9;9
IMC;0,06148734;0,091437854;0,0028312590567128;5;6;2
Fisicamente ativo;0,09849695;0,07034751;0,0024635939725874;6;4;8
Glicose;0,07080925;0,07126532;0,0021280274445634;7;5;7
Peso (kg);0,05546751;0,07581269;0,0011066064463366;8;7;5
Fumante;0,0553831;0,04707259;0,0009728922543996;9;8;12
Altura (cm);0,04499548;0,071638495;0,0007077918883178;10;10;6
Consome álcool;0,03947101;0,06282615;0,0004549380874946;11;11;11
Sexo masculino;0,033125244;0,064775586;0,000224915459332;12;12;10
