;[CLS];Idade (anos);Altura (cm);Peso (kg);IMC;Pressão sistólica;Pressão diastólica;Colesterol;Glicose;Sexo masculino;Fumante;Consome álcool;Fisicamente ativo
[CLS];0,085729115;0,08372641;0,071638495;0,07581269;0,091437854;0,117331095;0,06799259;0,090043806;0,07126532;0,064775586;0,04707259;0,06282615;0,07034751
Idade (anos);0,0961245;0,085036345;0,07229554;0,07851334;0,0882447;0,09967327;0,073200665;0,06793377;0,07714894;0,06332837;0,052675124;0,07377739;0,07204797
Altura (cm);0,09507608;0,08246979;0,0646356;0,07523138;0,088559374;0,11070669;0,072703525;0,08017187;0,07262296;0,065672114;0,05008432;0,07068137;0,07138522
Peso (kg);0,09082753;0,08051568;0,07095496;0,06830573;0,09982383;0,11152462;0,07279553;0,072504215;0,07581789;0,06332783;0,05115278;0,06944188;0,07300678
IMC;0,08866277;0,0829075;0,07720428;0,08503411;0,066828795;0,10450589;0,069304556;0,08082752;0,072018065;0,070982404;0,061160285;0,06825112;0,0723134
Pressão sistólica;0,09019768;0,08061852;0,074106276;0,07829901;0,0844213;0,10345077;0,07208959;0,075822346;0,0729284;0,06672221;0,055067074;0,072194725;0,07408127
Pressão diastólica;0,094031446;0,08630463;0,07470212;0,07970349;0,084402956;0,116341844;0,056412373;0,080057204;0,06935874;0,06574892;0,04948853;0,07065713;0,07279006
Colesterol;0,09706661;0,086134896;0,08426282;0,086105965;0,07660451;0,10328178;0,071533725;0,044044796;0,06252561;0,0779072;0,06574609;0,07882907;0,065957375
Glicose;0,09234151;0,08656971;0,08024479;0,07985163;0,077616066;0,11100402;0,06795557;0,06960624;0,060996234;0,07308699;0,05870669;0,07514743;0,06687383
Sexo masculino;0,100114584;0,07719466;0,07125855;0,073104806;0,0915663;0,10969977;0,0754793;0,07428387;0,078379355;0,05676918;0,043806184;0,074123785;0,07421977
Fumante;0,09863243;0,07551549;0,074879736;0,07576687;0,08566747;0,10025696;0,07422872;0,07167249;0,07946128;0,06408006;0,049578447;0,07587905;0,074381344
Consome álcool;0,08808608;0,08243001;0,07059968;0,07597304;0,08802388;0,112194724;0,07105397;0,087294;0,0785301;0,064066716;0,050691452;0,059992377;0,07106535
Fisicamente ativo;0,08399238;0,09016277;0,0824176;0,07845421;0,08213898;0,09463546;0,065388896;0,06601325;0,061481085;0,07955916;0,069808535;0,073624656;0,07232326
