epoca;perda;perda_val;val_auc
0;0,5966782010502981;0,5511682629585266;0,7963976530716987
1;0,56027423070928;0,5459845662117004;0,7995525077437688
2;0,5567122648297335;0,5453733205795288;0,8002603486441799
3;0,5554172669221037;0,5449676513671875;0,8007520712463143
4;0,553115512654928;0,5435470938682556;0,8010444997674938
5;0,5524090419915828;0,5431967377662659;0,8010663680575602
6;0,5515773347975882;0,542762279510498;0,8014932200532497
7;0,551007247918892;0,5417703986167908;0,801579363025555
8;0,5490839128450208;0,5431024432182312;0,8008793329888465
9;0,5496534786634772;0,54356849193573;0,8011691011341056
10;0,5479185903417261;0,5424008369445801;0,8014174738300417
11;0,5476916120836632;0,5414999127388;0,8013956906720048
12;0,5480441512430841;0,5422095656394958;0,8009086396899867
13;0,5473935698726708;0,5408530235290527;0,801666346676651
14;0,547095491713397;0,5407629013061523;0,8016499055534624
15;0,5461365936186782;0,5413371324539185;0,8016554923428953
16;0,5467314135729759;0,5412785410881042;0,8011401136780758
17;0,5468058398336266;0,5409751534461975;0,8013754718150091
18;0,5479672042059255;0,5413128137588501;0,8009374143159426
19;0,5467111086920755;0,540960431098938;0,8014556129792378
20;0,544890544906081;0,5412746071815491;0,8013665010274053
21;0,5460987098542206;0,5410798192024231;0,8012598518775049
22;0,5456135567249593;0,5410110950469971;0,8015172379270596
23;0,5444495773622655;0,5408885478973389;0,8012937663497393
24;0,5438533541236282;0,5407928228378296;0,8013300006697762
25;0,5458676748167938;0,5406911969184875;0,8015988795433074
26;0,544978956448142;0,5408320426940918;0,8017586404380843
27;0,5451049899173832;0,5403915047645569;0,8016209606634476
28;0,5447197692022687;0,5411626100540161;0,8012914890679513
29;0,5445105487054611;0,5403639674186707;0,8017284611336423
30;0,5437746709088123;0,5406338572502136;0,8018918614226784
31;0,5442648499051991;0,5405532121658325;0,80143706483832
32;0,5441318537729255;0,5404031276702881;0,8014707771219844
33;0,543162931672506;0,5410746932029724;0,801195747459325
34;0,5438752661938508;0,5418135523796082;0,8008600612256787
35;0,5452420014666143;0,5406160354614258;0,8014941884300848
36;0,5435926457956242;0,5405523777008057;0,8014519948679859
37;0,543046094473916;0,5411844253540039;0,800880993063421
38;0,5435848085079754;0,5412529706954956;0,8012395053224652
39;0,5435425006470888;0,5404136776924133;0,8016679641852107
40;0,5429866670344886;0,5409966707229614;0,8013628829161534
41;0,543310536232245;0,5411062836647034;0,8009136411967172
42;0,5426994138554648;0,5415264964103699;0,8006394096468338
43;0,5434453040238224;0,5429496169090271;0,8006672478204657
44;0,5428762075183978;0,5409111380577087;0,8012723769273385
45;0,5423471753248877;0,5415207743644714;0,800728766353251
