epoca;accuracy;auc;loss;recall;val_accuracy;val_auc;val_loss;val_recall
0;0,6967906355857849;0,7561231851577759;0,5993034243583679;0,676821768283844;0,7313639521598816;0,7975471019744873;0,5492416024208069;0,7024915218353271
1;0,7241429686546326;0,7841011881828308;0,5724343061447144;0,7001621723175049;0,7331874370574951;0,7999864220619202;0,5459214448928833;0,711337149143219
2;0,7283005118370056;0,7898666262626648;0,5652393698692322;0,699867308139801;0,7337709665298462;0,8008840680122375;0,5443184971809387;0,70838862657547
3;0,7307561635971069;0,7903497219085693;0,5637941956520081;0,7020294070243835;0,7330415844917297;0,8009198307991028;0,5440899729728699;0,7085360288619995
4;0,7309749722480774;0,7910478115081787;0,5627193450927734;0,6974595785140991;0,7326768636703491;0,8009563684463501;0,544046938419342;0,710010290145874
5;0,7300510406494141;0,7909175753593445;0,5622838139533997;0,6907768845558167;0,7340627312660217;0,8011267185211182;0,5433234572410583;0,7048503756523132
6;0,7309263348579407;0,7929176092147827;0,5599284172058105;0,6932829022407532;0,7340627312660217;0,8013814091682434;0,5426557064056396;0,7017543911933899
7;0,7309263348579407;0,7935899496078491;0,5585602521896362;0,6894992589950562;0,7329686284065247;0,8015574216842651;0,5425935983657837;0,70573490858078
8;0,7310965061187744;0,7931243181228638;0,5584665536880493;0,6908751130104065;0,7333333492279053;0,8015692234039307;0,5418726801872253;0,6964470148086548
9;0,7322635650634766;0,7932185530662537;0,5579571723937988;0,6881725788116455;0,7328956723213196;0,8015808463096619;0,5414364337921143;0,6926138997077942
10;0,730950653553009;0,7943998575210571;0,5567519068717957;0,6830622553825378;0,7342815399169922;0,8016695976257324;0,541347861289978;0,6921716332435608
11;0,731971800327301;0,7943234443664551;0,5564497113227844;0,690727710723877;0,7345733046531677;0,8020157814025879;0,5409773588180542;0,6991006731987
12;0,7335764765739441;0,795732855796814;0,5549542903900146;0,6905803084373474;0,7342815399169922;0,801884651184082;0,5411649346351624;0,7032286524772644
13;0,7355701327323914;0,7968796491622925;0,5536476969718933;0,6905803084373474;0,7345733046531677;0,8022614121437073;0,5406379699707031;0,6937932968139648
14;0,7327984571456909;0,7951364517211914;0,5552035570144653;0,6898924112319946;0,7353756427764893;0,8021520376205444;0,5409502983093262;0,6946778893470764
15;0,7332603931427002;0,7949368357658386;0,555246114730835;0,6863053441047668;0,7329686284065247;0,8020483255386353;0,5405261516571045;0,6877487897872925
16;0,7347921133041382;0,7963041067123413;0,5535376667976379;0,6892536282539368;0,7340627312660217;0,8021509051322937;0,5409846901893616;0,6960046887397766
17;0,733381986618042;0,7965216636657715;0,5532329082489014;0,6873372197151184;0,7342815399169922;0,8021959066390991;0,5405029654502869;0,6895179152488708
18;0,7336736917495728;0,7959370613098145;0,5540133118629456;0,6838484406471252;0,7334062457084656;0,8022392988204956;0,5405740737915039;0,687896192073822
19;0,7356430888175964;0,7969096899032593;0,5529826283454895;0,6873863935470581;0,7339168787002563;0,8020668625831604;0,5406306982040405;0,6945304274559021
20;0,7352783679962158;0,7967248558998108;0,5531021952629089;0,6887130737304688;0,7331874370574951;0,8020785450935364;0,5404875874519348;0,6921716332435608
21;0,7352783679962158;0,7968946695327759;0,5524588823318481;0,6899906396865845;0,7336980104446411;0,8018242716789246;0,5408053398132324;0,693498432636261
22;0,7352540493011475;0,7963868379592896;0,5534400939941406;0,6866984367370605;0,7335521578788757;0,8018642663955688;0,540924608707428;0,6946778893470764
23;0,7355214953422546;0,7979849576950073;0,5516481995582581;0,6891553401947021;0,7334792017936707;0,8018035292625427;0,5411486625671387;0,7045555114746094
24;0,7352297306060791;0,7978060245513916;0,5513435006141663;0,6888604760169983;0,7331874370574951;0,8018184900283813;0,5409964919090271;0,7021966576576233
25;0,7359591722488403;0,7980469465255737;0,5512004494667053;0,6905311942100525;0,7336251139640808;0,8019667863845825;0,5406560301780701;0,6976264119148254
26;0,7354729175567627;0,7984707355499268;0,5510597825050354;0,6893027424812317;0,7336251139640808;0,8021990060806274;0,540659487247467;0,701459527015686
27;0,7349623441696167;0,7972314357757568;0,5519655346870422;0,6893027424812317;0,7338439226150513;0,8023067712783813;0,5404497385025024;0,6921716332435608
28;0,7345489859580994;0,7978067398071289;0,5516401529312134;0,6922018527984619;0,7322392463684082;0,8019410371780396;0,5406392216682434;0,7011646628379822
29;0,7364697456359863;0,7970916628837585;0,5525313019752502;0,6941673755645752;0,7326768636703491;0,8017517328262329;0,5410664081573486;0,7002801299095154
30;0,7348893880844116;0,7995654344558716;0,5496478080749512;0,6914647817611694;0,7326039671897888;0,8021307587623596;0,5406801104545593;0,6911396384239197
31;0,7355944514274597;0,7979705333709717;0,5513532161712646;0,6908259987831116;0,7326768636703491;0,8019094467163086;0,5408420562744141;0,7020492553710938
32;0,7352054715156555;0,7991551160812378;0,5498585104942322;0,6940199732780457;0,7335521578788757;0,801806628704071;0,5408134460449219;0,6957098841667175
33;0,7366885542869568;0,7991874814033508;0,5495770573616028;0,6911699771881104;0,7324580550193787;0,8019490242004395;0,5407135486602783;0,6936458945274353
34;0,7368587255477905;0,7979215979576111;0,5511846542358398;0,6908751130104065;0,7334062457084656;0,8018563985824585;0,5409209728240967;0,6973315477371216
35;0,735545814037323;0,7984917163848877;0,5510237812995911;0,6891553401947021;0,7329686284065247;0,8016330003738403;0,5410752892494202;0,6955624222755432
36;0,7343544960021973;0,7982361316680908;0,5509262681007385;0,690678596496582;0,7332603931427002;0,8018790483474731;0,5407849550247192;0,6818516850471497
37;0,7362266182899475;0,7986446619033813;0,5507984161376953;0,6907768845558167;0,7337709665298462;0,8023549318313599;0,5402299165725708;0,6927613019943237
38;0,7356917262077332;0,7981931567192078;0,5508458018302917;0,6924475431442261;0,7322392463684082;0,8018935322761536;0,5407871603965759;0,6933510303497314
39;0,7354485988616943;0,7994748950004578;0,5495259761810303;0,6905311942100525;0,7329686284065247;0,8017725944519043;0,5409952998161316;0,6942355632781982
40;0,7359105348587036;0,7994170784950256;0,54952472448349;0,6932337284088135;0,7331874370574951;0,8019067049026489;0,5406392216682434;0,6924664378166199
41;0,7358862161636353;0,799744725227356;0,5493719577789307;0,6922018527984619;0,7327498197555542;0,8018728494644165;0,5405856370925903;0,6865693926811218
42;0,7356430888175964;0,7991387844085693;0,5495632886886597;0,6928898096084595;0,7312910556793213;0,8019412755966187;0,540789008140564;0,6996904015541077
43;0,7353513240814209;0,7988311052322388;0,5500896573066711;0,6920544505119324;0,7317286729812622;0,8016223311424255;0,5410493612289429;0,6893705129623413
44;0,7378069758415222;0,7995572686195374;0,5492885112762451;0,6925458312034607;0,7331874370574951;0,801826000213623;0,5410351157188416;0,6914344429969788
45;0,7376610636711121;0,7995725274085999;0,5495660305023193;0,6910225749015808;0,7336251139640808;0,8019344806671143;0,5411949753761292;0,6991006731987
46;0,7377097010612488;0,7999955415725708;0,5492684245109558;0,6937251091003418;0,7336251139640808;0,8016284704208374;0,5407416224479675;0,6896653175354004
47;0,7358375787734985;0,7993614077568054;0,5496630668640137;0,6933320164680481;0,7326768636703491;0,8015484809875488;0,5408674478530884;0,6924664378166199
48;0,737077534198761;0,8006706237792969;0,5486106872558594;0,6942164897918701;0,7342085838317871;0,8018391728401184;0,5408667325973511;0,7060297727584839
49;0,7371504902839661;0,8002963662147522;0,5485268235206604;0,6963294148445129;0,7323850989341736;0,8018813133239746;0,5410099029541016;0,710747480392456
50;0,7365426421165466;0,7990508079528809;0,5500231981277466;0,6968207955360413;0,7343544960021973;0,8020669221878052;0,5407759547233582;0,7016069293022156
51;0,7371018528938293;0,8003015518188477;0,5488961935043335;0,6975578665733337;0,7331874370574951;0,801970362663269;0,5406638979911804;0,6895179152488708
52;0,7363967895507812;0,8003249168395996;0,5483967661857605;0,693037211894989;0,7345733046531677;0,8020438551902771;0,5406947731971741;0,701459527015686
