limiar;sensibilidade;especificidade;precisao;acuracia
0,2;0,9591626124133864;0,2614407391367114;0,5598003785923249;0,6066374908825675
0,25;0,9320359722836503;0,3557095423704345;0,5861845155308298;0,6408460977388767
0,3;0,8873654725047914;0,4740869063086473;0,6229559097495343;0,6785557986870897
0,35;0,8283945157010173;0,5972282373321784;0,6682126293257225;0,711597374179431
0,4;0,7812177502579979;0,6694095568066984;0,6982474634339175;0,72472647702407
0,45;0,7361049683031107;0,7270102497473654;0,7253050552004648;0,7315098468271335
0,5;0,6927613150523367;0,7739281074058034;0,7500399042298483;0,7337709700948213
0,55;0,6498599439775911;0,8139165583946875;0,7737405652097595;0,7327498176513494
0,6;0,6048945894147133;0,8487079543814061;0,7965443603183848;0,7280816921954778
0,65;0,5779153766769866;0,8689187238342717;0,8119304059652029;0,724945295404814
0,7;0,5468081969629958;0,8853760646744623;0,8236731068176771;0,7178701677607585
0,75;0,5126050420168067;0,89923487801357;0,832814371257485;0,7079504011670313
0,8;0,42282176028306057;0,9250757903854483;0,8467670504871567;0,6765864332603939
