variavel;queda_auc;desvio
Sexo masculino;0,00022491545933200907;0,00023298790350653124
Consome álcool;0,00045493808749461626;7,101711855378273e-05
Altura (cm);0,0007077918883178214;0,00017259774020077432
Fumante;0,0009728922543996932;0,00034743701360440105
Peso (kg);0,0011066064463366222;0,00015795329703085836
Glicose;0,0021280274445634184;0,0003218087303843419
Fisicamente ativo;0,002463593972587419;0,00028537052225450544
IMC;0,0028312590567128202;0,0003138439213849383
Pressão diastólica;0,003223591766290568;0,0004467331746541258
Colesterol;0,029184656668872978;0,0012819943943731997
Idade (anos);0,03180809651391472;0,0012975551577832092
Pressão sistólica;0,18338144073573195;0,0021502311687387333
