;ap_hi;shap_ap_hi
0;140;0,21632408621861804
1;140;0,17123142442132747
2;140;0,21805403485817557
3;150;0,27489427872588085
4;140;0,28964364645937823
5;110;-0,149701695892093
6;120;-0,09908028074586478
7;120;-0,04712757414552033
8;120;-0,12476141081985347
9;120;-0,10496921335501547
10;140;0,17007719224426968
11;120;-0,10964734963640135
12;120;-0,1183255544565046
13;130;0,0329246128419234
14;130;0,05195057359005397
15;120;-0,12042014947997862
16;120;-0,134203478956634
17;130;0,03450871060383865
18;150;0,3162981350336123
19;160;0,1987155524597033
20;140;0,2561563154834438
21;140;0,28308792073504285
22;110;-0,1837877983579513
23;120;-0,11390998429704574
24;140;0,28486069846859213
25;130;0,04406910405138627
26;120;-0,13730863160732384
27;130;0,05336677071804348
28;160;0,34679659860092377
29;190;0,23894883217843596
30;120;-0,10998616213947307
31;120;-0,06716227081896657
32;140;0,22229138266658588
33;150;0,19195583022224702
34;160;0,3342227702134415
35;120;-0,12409595344111427
36;145;0,28679704207551343
37;130;0,020324478912961144
38;120;-0,12924258981437917
39;140;0,31350142362474825
40;120;-0,1037878311528096
41;90;-0,27202709476003883
42;130;0,06955263650552937
43;120;-0,10731943306498577
44;120;-0,05215610779356234
45;120;-0,11632778898063001
46;100;-0,23175182848025958
47;130;0,06475914380082523
48;122;-0,10314500823221297
49;120;-0,04292425413451855
50;110;-0,19155815477192184
51;130;0,040488297604080146
52;110;-0,21199546788352625
53;120;-0,13351225784381757
54;120;-0,10119217572643845
55;170;0,3015798049398742
56;120;-0,13196704062952952
57;120;-0,11592836540611068
58;140;0,2349449632525714
59;130;0,051816308484138165
60;110;-0,1807031917561746
61;130;0,0722341649833318
62;130;0,050726249779952784
63;140;0,17245789316197477
64;100;-0,24420111873443331
65;110;-0,2156399011203474
66;160;0,31607062753920895
67;120;-0,12906662203629835
68;140;0,28445333746714113
69;120;-0,14177165672018718
70;130;0,028214111851784178
71;110;-0,1572407118871659
72;150;0,2881829877417404
73;140;0,22679550408613156
74;120;-0,12523703779464537
75;160;0,37418050030340727
76;120;-0,15100792152115233
77;130;0,024041835355506056
78;120;-0,11100746220592612
79;130;0,08627883514682955
80;120;-0,13059853886989842
81;120;-0,11157339057397109
82;90;-0,27661008531096326
83;130;0,04022577513860645
84;130;0,0723524509505522
85;140;0,27057885120701886
86;110;-0,13590240197175776
87;160;0,2932070892489786
88;130;0,09308829876742833
89;110;-0,1651437732537518
90;120;-0,08641119172465186
91;120;-0,11721117919498494
92;130;0,023295948262709525
93;120;-0,08830809161206227
94;130;0,028272462103394607
95;120;-0,14995106069982664
96;110;-0,2105677460429186
97;120;-0,11341428314907183
98;90;-0,2819093812605258
99;140;0,1658811835028053
100;120;-0,11484342472112116
101;120;-0,11451711526750305
102;120;-0,1438259797718216
103;120;-0,1018156310468094
104;120;-0,12053247277378898
105;120;-0,08855830668326374
106;145;0,2023436278355057
107;120;-0,13026371847191628
108;150;0,35900195053575
109;130;0,03794509602278167
110;130;0,05580361751091451
111;130;0,05989316021399444
112;120;-0,09387530120636432
113;150;0,24925910536893867
114;130;0,06433051842433038
115;100;-0,25058959066687997
116;120;-0,11322069993218176
117;130;0,07521246497530659
118;120;-0,08772285865313346
119;130;0,06489773159461805
120;110;-0,1635549301227896
121;140;0,20485293252665393
122;100;-0,2556057861947744
123;120;-0,12196820894318208
124;120;-0,08724442030716173
125;120;-0,13456234811013595
126;100;-0,24071186226999614
127;110;-0,2102536005656231
128;150;0,30517011458721277
129;120;-0,1317482428137683
130;110;-0,1805196240163466
131;90;-0,24306977657303885
132;120;-0,1371950036101293
133;120;-0,13638125480384236
134;120;-0,10221928710630165
135;120;-0,11760082946903992
136;140;0,17470773658933011
137;120;-0,050060922653262264
138;130;0,051856779099672616
139;125;-0,005356597550110593
140;120;-0,11974294219866177
141;120;-0,12095072980819907
142;155;0,30607181485710966
143;120;-0,12120151175348748
144;160;0,2557244084377634
145;150;0,26718187371172847
146;120;-0,07235182649364838
147;140;0,12312365945150437
148;120;-0,1546755239341828
149;130;0,044159099544568654
150;120;-0,1399899856670382
151;120;-0,1453169752616299
152;120;-0,10341228998286435
153;140;0,21419079077751474
154;110;-0,16081528930092906
155;120;-0,11459630426276077
156;110;-0,186184685016308
157;130;0,0164640816977165
158;130;0,05152860103818743
159;140;0,2835422670595399
160;120;-0,10722802149822935
161;120;-0,08930724946391129
162;120;-0,1324062371893032
163;120;-0,12695367066579594
164;110;-0,21003410322110844
165;110;-0,19209561968595007
166;110;-0,20202046389709266
167;110;-0,19772402866087171
168;95;-0,2776161704886159
169;120;-0,0893128540887431
170;112;-0,2096526993214861
171;100;-0,27021476339050254
172;120;-0,1234892198801975
173;130;0,090035278768205
174;120;-0,046340735166495554
175;120;-0,13759574538536223
176;115;-0,16850089661202317
177;110;-0,20136033591664798
178;180;0,2884649330116465
179;140;0,26452112614349416
180;140;0,2117708713110812
181;160;0,22413217857918769
182;120;-0,12002851266893007
183;140;0,22597118194415933
184;110;-0,18504217359005304
185;120;-0,08806819009850755
186;130;0,05770923132605648
187;120;-0,135831391117811
188;120;-0,04316404051314294
189;110;-0,22528128267061812
190;130;0,04518745867522835
191;150;0,39941695931386034
192;140;0,19105324635034948
193;90;-0,2918690475211338
194;160;0,3305317211785857
195;100;-0,25519130202143975
196;160;0,23044097605883077
197;140;0,2825602332528922
198;130;0,08139254375696846
199;120;-0,08227894175942548
200;130;0,08526033221170713
201;110;-0,20351654740408945
202;140;0,23982957410816708
203;140;0,21749730693675332
204;150;0,3087320113767035
205;120;-0,1331006851313018
206;130;0,05711541203914169
207;154;0,23580398745130754
208;125;-0,06710507732454687
209;140;0,144543686379192
210;110;-0,16905815923709455
211;130;0,06791259037777057
212;110;-0,15859735205994135
213;120;-0,11276073420226818
214;130;0,06404650096784338
215;160;0,34834173021612
216;140;0,1626527375309434
217;110;-0,19733125448059965
218;120;-0,137093425515517
219;120;-0,14554285540125506
220;120;-0,11402261714831069
221;120;-0,1503953524410664
222;120;-0,12806910509091218
223;130;0,04841675785026263
224;130;0,036767091214161496
225;110;-0,22035741523530625
226;120;-0,08853818505225802
227;130;0,06210857480915476
228;130;0,018860194337298342
229;140;0,23604492868618782
230;120;-0,12833085456724141
231;130;0,03346763418693291
232;160;0,35783455534356845
233;140;0,23014447160291024
234;150;0,2965814224901238
235;110;-0,21940291179862323
236;120;-0,09102564925080857
237;120;-0,1321918411739462
238;130;0,08980456934665818
239;120;-0,08499949413121825
240;140;0,19373179214782274
241;120;-0,10562108887437899
242;120;-0,06826570440755662
243;130;0,05455733721532229
244;120;-0,1530489915451524
245;110;-0,18675927533115397
246;130;0,012822857166082708
247;120;-0,10762570364663768
248;160;0,33915319807233035
249;130;0,05621063052686522
250;152;0,3067961105485078
251;120;-0,11892444493954543
252;130;0,01932322589886551
253;130;0,0
254;120;-0,055453297945244125
255;140;0,3092739293396286
256;125;-0,0660215642187854
257;130;0,07446257466203815
258;110;-0,1898184713496298
259;120;-0,11523522808422319
260;100;-0,21478652782493543
261;120;-0,12159612762188036
262;120;-0,11142899572350268
263;120;-0,11687784260128993
264;155;0,3349794544337453
265;140;0,25958725926899556
266;120;-0,08375187047802715
267;140;0,19027403776557483
268;110;-0,21331206441951522
269;140;0,28740948181725967
270;120;-0,11105876288205074
271;110;-0,18344073953244988
272;120;-0,14338989116820985
273;180;0,38574780315634105
274;130;0,015067176832835762
275;120;-0,07854428993614813
276;130;0,0570724223845616
277;120;-0,11514455676228066
278;150;0,16372114012284664
279;140;0,19062928091781633
280;120;-0,155506352865258
281;140;0,16038446540825435
282;100;-0,2243145500076328
283;120;-0,12723935395171956
284;110;-0,13640927205338496
285;140;0,2247658811643794
286;120;-0,12395599902658028
287;140;0,26007639244375963
288;120;-0,1475250102878937
289;120;-0,11764953439672747
290;125;-0,01074990543678639
291;120;-0,15042313388821293
292;120;-0,11305857907576013
293;170;0,3415758507564935
294;120;-0,11732600868750455
295;120;-0,11949495692515642
296;130;0,002894399001603401
297;150;0,2926815934551525
298;120;-0,10177318905018863
299;110;-0,19492741940857009
