;idade_anos;height;weight;imc;ap_hi;ap_lo;cholesterol;gluc;sexo_masculino;smoke;alco;active;cardio;erro;pressao_de_pulso
13403;47,95;166;87,0;31,57;190;60;2;1;0;0;0;1;1;1,14;130
5333;53,36;169;80,0;28,01;200;160;3;3;0;0;0;1;0;1,05;40
1199;59,46;172;64,0;21,63;150;40;1;2;1;0;0;1;1;0,98;110
3800;40,07;178;77,0;24,3;190;70;1;1;1;1;0;0;1;0,9;120
13197;50,11;165;76,0;27,92;240;100;1;1;1;0;0;1;1;0,85;140
7260;47,56;160;68,0;26,56;160;45;1;1;0;0;0;1;1;0,73;115
4853;59,96;174;77,0;25,43;160;60;1;1;1;0;0;1;1;0,72;100
8584;55,59;175;95,0;31,02;210;90;3;3;1;0;0;1;1;0,72;120
8431;55,2;154;91,0;38,37;160;60;3;1;0;0;0;1;1;0,67;100
5403;60,09;158;80,0;32,05;160;60;1;1;0;0;0;1;1;0,65;100
11684;54,2;174;75,0;24,77;240;120;2;1;1;0;1;1;1;0,65;120
10415;64,1;160;60,0;23,44;160;60;1;1;0;0;0;1;1;0,64;100
6713;57,39;164;106,0;39,41;150;130;3;1;1;1;0;1;1;0,61;20
1778;52,11;180;79,0;24,38;180;70;1;1;1;0;0;1;0;0,59;110
8907;53,48;164;87,0;32,35;170;140;2;1;0;0;0;1;1;0,57;30
