epoca;loss;val_loss
0;0,34080588817596436;0,23849883675575256
1;0,22212323546409607;0,2089632749557495
2;0,20201539993286133;0,1914907991886139
3;0,18879641592502594;0,18307216465473175
4;0,18186154961585999;0,17742036283016205
5;0,17681603133678436;0,1736309677362442
6;0,17292183637619019;0,1706584244966507
7;0,16981148719787598;0,16810671985149384
8;0,16741102933883667;0,1660277396440506
9;0,1654120832681656;0,16398963332176208
10;0,16346192359924316;0,16218343377113342
11;0,16183160245418549;0,1604282706975937
12;0,1602773815393448;0,159042626619339
13;0,1590239554643631;0,15794189274311066
14;0,1580018699169159;0,15705525875091553
15;0,15699295699596405;0,15605734288692474
16;0,15610243380069733;0,15541589260101318
17;0,15537557005882263;0,15453027188777924
18;0,15462452173233032;0,15409615635871887
19;0,1540592908859253;0,15360897779464722
20;0,15358301997184753;0,1533426195383072
21;0,15313731133937836;0,15300904214382172
22;0,15259084105491638;0,1527145802974701
23;0,15219078958034515;0,1521724909543991
24;0,1517205685377121;0,15155521035194397
25;0,15159595012664795;0,15111154317855835
26;0,15114863216876984;0,1506655365228653
27;0,1508191078901291;0,15011583268642426
28;0,15032260119915009;0,14981147646903992
29;0,14993607997894287;0,14960861206054688
30;0,14967310428619385;0,1493307203054428
31;0,14946046471595764;0,1491645723581314
32;0,1490931212902069;0,14882530272006989
33;0,14912861585617065;0,1487167775630951
34;0,14862899482250214;0,1482667624950409
35;0,1485854536294937;0,1482686996459961
36;0,1483704298734665;0,1480061560869217
37;0,14804211258888245;0,14763687551021576
38;0,14802153408527374;0,14762292802333832
39;0,14788071811199188;0,1473962664604187
40;0,14770622551441193;0,1470268964767456
41;0,14751103520393372;0,1467638909816742
42;0,14726217091083527;0,1465722769498825
43;0,14709576964378357;0,14661815762519836
44;0,14733687043190002;0,14666838943958282
45;0,1470019519329071;0,14657440781593323
46;0,14676666259765625;0,146414652466774
47;0,14659571647644043;0,14666490256786346
48;0,14655287563800812;0,14638935029506683
49;0,14630195498466492;0,14630019664764404
50;0,14629851281642914;0,14603081345558167
51;0,14628581702709198;0,14542549848556519
52;0,14587020874023438;0,14544662833213806
53;0,14580988883972168;0,14558099210262299
54;0,14568042755126953;0,14499127864837646
55;0,1453893482685089;0,1442815363407135
56;0,1451101452112198;0,1438218653202057
57;0,14476463198661804;0,14387349784374237
58;0,14465118944644928;0,14350424706935883
59;0,14433583617210388;0,14330510795116425
60;0,14415575563907623;0,14359241724014282
61;0,14456795156002045;0,14377853274345398
62;0,14423534274101257;0,1428496390581131
63;0,14393560588359833;0,1429983526468277
64;0,14353851974010468;0,1427222490310669
65;0,14384405314922333;0,1429951786994934
66;0,14343173801898956;0,14269904792308807
67;0,14357145130634308;0,14290736615657806
68;0,14335153996944427;0,14240959286689758
69;0,14313147962093353;0,14306803047657013
70;0,14304080605506897;0,1425459235906601
71;0,14298398792743683;0,1424679011106491
72;0,1430477350950241;0,14155744016170502
73;0,14272497594356537;0,14160117506980896
74;0,14282581210136414;0,14219950139522552
75;0,14248518645763397;0,14125852286815643
76;0,14236980676651;0,14092382788658142
77;0,14235319197177887;0,1414654403924942
78;0,14222119748592377;0,14049281179904938
79;0,14186803996562958;0,14093101024627686
80;0,1420249342918396;0,1407777965068817
81;0,1422213762998581;0,14052295684814453
82;0,1418597400188446;0,1408509463071823
83;0,14160747826099396;0,1407606154680252
84;0,14153945446014404;0,14065246284008026
85;0,14154571294784546;0,1407000869512558
86;0,1418849378824234;0,14058560132980347
87;0,14142748713493347;0,1408192366361618
88;0,141153022646904;0,14040379226207733
89;0,14099790155887604;0,14055414497852325
90;0,14081819355487823;0,14010901749134064
91;0,1406819224357605;0,14004738628864288
92;0,14069977402687073;0,14042410254478455
93;0,14028815925121307;0,1395481824874878
94;0,13999906182289124;0,13955441117286682
95;0,14045143127441406;0,1396331638097763
96;0,1400090456008911;0,13907171785831451
97;0,14001084864139557;0,13965833187103271
98;0,13958285748958588;0,13867110013961792
99;0,1397058665752411;0,13900993764400482
100;0,13958927989006042;0,1390189379453659
101;0,13968037068843842;0,1388276219367981
102;0,13939732313156128;0,13903462886810303
103;0,13942739367485046;0,13823814690113068
104;0,1388833224773407;0,13848194479942322
105;0,13881605863571167;0,13748608529567719
106;0,13889169692993164;0,13856543600559235
107;0,13890711963176727;0,13777588307857513
108;0,13864167034626007;0,13809098303318024
109;0,1388174146413803;0,13919156789779663
110;0,13869112730026245;0,13782939314842224
111;0,1380789428949356;0,13781867921352386
112;0,13797380030155182;0,13684441149234772
113;0,13780665397644043;0,13739855587482452
114;0,13820260763168335;0,13689927756786346
115;0,1376953423023224;0,13654790818691254
116;0,13785119354724884;0,13644441962242126
117;0,13733254373073578;0,13649623095989227
118;0,13732799887657166;0,13677601516246796
119;0,1377859115600586;0,1370355486869812
120;0,1375596523284912;0,13739514350891113
121;0,13713623583316803;0,13689836859703064
122;0,13745079934597015;0,13616004586219788
123;0,1370639204978943;0,13693392276763916
124;0,13674943149089813;0,13643388450145721
125;0,13666418194770813;0,13571995496749878
126;0,13664092123508453;0,13639256358146667
127;0,13684377074241638;0,1357591152191162
128;0,13710318505764008;0,13570868968963623
129;0,1370023787021637;0,13660778105258942
130;0,13740433752536774;0,13662269711494446
131;0,13695263862609863;0,13688211143016815
132;0,1367584466934204;0,13652397692203522
133;0,1366736888885498;0,135987788438797
134;0,13629694283008575;0,13534720242023468
135;0,13593997061252594;0,135381281375885
136;0,13624870777130127;0,13596290349960327
137;0,1362297683954239;0,13634821772575378
138;0,13573966920375824;0,13562190532684326
139;0,13552282750606537;0,13529446721076965
140;0,13584475219249725;0,13592101633548737
141;0,13608407974243164;0,13538488745689392
142;0,13586416840553284;0,1351466178894043
143;0,13581866025924683;0,13608352839946747
144;0,13591742515563965;0,13480131328105927
145;0,13586165010929108;0,13557812571525574
146;0,13570091128349304;0,13584914803504944
147;0,13562551140785217;0,13546407222747803
148;0,1354273557662964;0,1349954456090927
149;0,13547451794147491;0,13459037244319916
150;0,13558554649353027;0,13450390100479126
151;0,13555897772312164;0,13528811931610107
152;0,13540902733802795;0,1347065418958664
153;0,13525515794754028;0,1346827894449234
154;0,13515052199363708;0,13477708399295807
155;0,13546548783779144;0,1351906806230545
156;0,135476753115654;0,1341456174850464
157;0,13529939949512482;0,13401730358600616
158;0,1353490650653839;0,13417893648147583
159;0,13511992990970612;0,13496431708335876
160;0,13501985371112823;0,1346181184053421
161;0,1347731053829193;0,13451142609119415
162;0,1348007172346115;0,1343090981245041
163;0,13428165018558502;0,13390105962753296
164;0,13425421714782715;0,1340411752462387
165;0,13445539772510529;0,13398399949073792
166;0,13419903814792633;0,1335512399673462
167;0,1343623399734497;0,13466113805770874
168;0,13482891023159027;0,13391819596290588
169;0,1347731500864029;0,1343258172273636
170;0,13465727865695953;0,13440391421318054
171;0,13494299352169037;0,13525626063346863
172;0,13506817817687988;0,13439501821994781
173;0,13466154038906097;0,13339261710643768
174;0,13447672128677368;0,13266070187091827
175;0,13467645645141602;0,1334071159362793
176;0,13424810767173767;0,133220374584198
177;0,13433805108070374;0,13345053791999817
178;0,13460294902324677;0,1332312375307083
179;0,1348392814397812;0,1334654688835144
180;0,13436831533908844;0,1328389048576355
181;0,13437628746032715;0,13345639407634735
182;0,13419510424137115;0,13281308114528656
183;0,1343933790922165;0,13333630561828613
184;0,13435553014278412;0,13353845477104187
