agenda;epoca;auc_val;taxa
Taxa fixa (0,001);0;0,7964237928390503;0,0010000000474974513
Taxa fixa (0,001);1;0,7989946007728577;0,0010000000474974513
Taxa fixa (0,001);2;0,7995328903198242;0,0010000000474974513
Taxa fixa (0,001);3;0,8001450300216675;0,0010000000474974513
Taxa fixa (0,001);4;0,8007358312606812;0,0010000000474974513
Taxa fixa (0,001);5;0,8009510040283203;0,0010000000474974513
Taxa fixa (0,001);6;0,8010707497596741;0,0010000000474974513
Taxa fixa (0,001);7;0,8011849522590637;0,0010000000474974513
Taxa fixa (0,001);8;0,8012872934341431;0,0010000000474974513
Taxa fixa (0,001);9;0,801306962966919;0,0010000000474974513
Taxa fixa (0,001);10;0,8016486763954163;0,0010000000474974513
Taxa fixa (0,001);11;0,8016647100448608;0,0010000000474974513
Taxa fixa (0,001);12;0,8017256259918213;0,0010000000474974513
Taxa fixa (0,001);13;0,8016888499259949;0,0010000000474974513
Taxa fixa (0,001);14;0,8020142316818237;0,0010000000474974513
Taxa fixa (0,001);15;0,8020699620246887;0,0010000000474974513
Taxa fixa (0,001);16;0,802046537399292;0,0010000000474974513
Taxa fixa (0,001);17;0,801939070224762;0,0010000000474974513
Taxa fixa (0,001);18;0,8020837306976318;0,0010000000474974513
Taxa fixa (0,001);19;0,8020198941230774;0,0010000000474974513
Taxa fixa (0,001);20;0,802214503288269;0,0010000000474974513
Taxa fixa (0,001);21;0,8018178343772888;0,0010000000474974513
Taxa fixa (0,001);22;0,8016825914382935;0,0010000000474974513
Taxa fixa (0,001);23;0,8019091486930847;0,0010000000474974513
Taxa fixa (0,001);24;0,8019578456878662;0,0010000000474974513
Taxa fixa (0,001);25;0,802222490310669;0,0010000000474974513
Taxa fixa (0,001);26;0,8023977279663086;0,0010000000474974513
Taxa fixa (0,001);27;0,802011251449585;0,0010000000474974513
Taxa fixa (0,001);28;0,8018856048583984;0,0010000000474974513
Taxa fixa (0,001);29;0,8022878170013428;0,0010000000474974513
Taxa fixa (0,001);30;0,8018578290939331;0,0010000000474974513
Taxa fixa (0,001);31;0,8019200563430786;0,0010000000474974513
Taxa fixa (0,001);32;0,8017666339874268;0,0010000000474974513
Taxa fixa (0,001);33;0,8017375469207764;0,0010000000474974513
Taxa fixa (0,001);34;0,8019579648971558;0,0010000000474974513
Taxa fixa (0,001);35;0,8021786212921143;0,0010000000474974513
Taxa fixa (0,001);36;0,8018485307693481;0,0010000000474974513
Taxa fixa (0,001);37;0,8018563985824585;0,0010000000474974513
Taxa fixa (0,001);38;0,8017978668212891;0,0010000000474974513
Taxa fixa (0,001);39;0,8017698526382446;0,0010000000474974513
Taxa fixa (0,001);40;0,8018296360969543;0,0010000000474974513
Taxa fixa (0,001);41;0,8019527196884155;0,0010000000474974513
Redução no platô;0;0,7983227372169495;0,0010000000474974513
Redução no platô;1;0,8003280758857727;0,0010000000474974513
Redução no platô;2;0,8012853860855103;0,0010000000474974513
Redução no platô;3;0,8014240264892578;0,0010000000474974513
Redução no platô;4;0,8014453649520874;0,0010000000474974513
Redução no platô;5;0,8014811873435974;0,0010000000474974513
Redução no platô;6;0,8014464378356934;0,0005000000237487257
Redução no platô;7;0,8016188144683838;0,0005000000237487257
Redução no platô;8;0,8016494512557983;0,0005000000237487257
Redução no platô;9;0,8015328645706177;0,0005000000237487257
Redução no platô;10;0,8015546202659607;0,0002500000118743628
Redução no platô;11;0,8016023635864258;0,0002500000118743628
Redução no platô;12;0,8017057776451111;0,0002500000118743628
Redução no platô;13;0,8017052412033081;0,0001250000059371814
Redução no platô;14;0,8016386032104492;0,0001250000059371814
Redução no platô;15;0,8016802072525024;0,0001250000059371814
Redução no platô;16;0,8017573356628418;0,0001250000059371814
Redução no platô;17;0,8017106056213379;0,0001250000059371814
Redução no platô;18;0,8017106652259827;0,0001250000059371814
Redução no platô;19;0,8017356395721436;6,25000029685907e-05
Redução no platô;20;0,8017790913581848;6,25000029685907e-05
Redução no platô;21;0,8017603158950806;6,25000029685907e-05
Redução no platô;22;0,8018186092376709;3,125000148429535e-05
Redução no platô;23;0,8017963171005249;3,125000148429535e-05
Redução no platô;24;0,8018608093261719;3,125000148429535e-05
Redução no platô;25;0,801777184009552;3,125000148429535e-05
Redução no platô;26;0,8017692565917969;3,125000148429535e-05
Redução no platô;27;0,8017465472221375;1,5625000742147677e-05
Redução no platô;28;0,8017752170562744;1,5625000742147677e-05
Redução no platô;29;0,8017423152923584;1,5625000742147677e-05
Redução no platô;30;0,8016973733901978;9,999999747378752e-06
Redução no platô;31;0,8017428517341614;9,999999747378752e-06
Redução no platô;32;0,8017246723175049;9,999999747378752e-06
Redução no platô;33;0,8017759919166565;9,999999747378752e-06
Redução no platô;34;0,8017159104347229;9,999999747378752e-06
Redução no platô;35;0,8017224073410034;9,999999747378752e-06
Redução no platô;36;0,8017253279685974;9,999999747378752e-06
Redução no platô;37;0,8017362356185913;9,999999747378752e-06
Redução no platô;38;0,8017462491989136;9,999999747378752e-06
Redução no platô;39;0,8017269372940063;9,999999747378752e-06
Decaimento cosseno;0;0,8004484176635742;0,0029979648534208536
Decaimento cosseno;1;0,800771951675415;0,0029918651562184095
Decaimento cosseno;2;0,8012470006942749;0,0029817172326147556
Decaimento cosseno;3;0,8017692565917969;0,002967549255117774
Decaimento cosseno;4;0,8018372058868408;0,0029493998736143112
Decaimento cosseno;5;0,8014034032821655;0,002927318913862109
Decaimento cosseno;6;0,8015587329864502;0,002901366911828518
Decaimento cosseno;7;0,8018098473548889;0,002871614880859852
Decaimento cosseno;8;0,801589846611023;0,0028381445445120335
Decaimento cosseno;9;0,8016250133514404;0,002801047870889306
Decaimento cosseno;10;0,802067756652832;0,0027604256756603718
Decaimento cosseno;11;0,8017793893814087;0,0027163901831954718
Decaimento cosseno;12;0,8011952638626099;0,0026690615341067314
Decaimento cosseno;13;0,8012526035308838;0,002618570113554597
Decaimento cosseno;14;0,8014432787895203;0,0025650537572801113
Decaimento cosseno;15;0,8018864393234253;0,002508658915758133
Decaimento cosseno;16;0,8019453287124634;0,002449540887027979
Decaimento cosseno;17;0,8018330335617065;0,0023878610227257013
Decaimento cosseno;18;0,8016814589500427;0,0023237888235598803
Decaimento cosseno;19;0,8013090491294861;0,0022575000766664743
Decaimento cosseno;20;0,801628589630127;0,0021891759242862463
Decaimento cosseno;21;0,8009541034698486;0,0021190037950873375
Decaimento cosseno;22;0,8016307950019836;0,0020471764728426933
Decaimento cosseno;23;0,8015261292457581;0,001973890233784914
Decaimento cosseno;24;0,80116206407547;0,0018993464764207602
Decaimento cosseno;25;0,8010016679763794;0,0018237486947327852
