tentativa;camadas;largura_inicial;dropout;batch_norm;taxa;epocas;auc_val
0082;2;128;0,0;False;0,0003555649369416632;30;0,8021506071090698
0080;2;128;0,0;False;0,0003555649369416632;10;0,8020042777061462
0070;2;128;0,30000000000000004;True;0,008553027379762107;10;0,801953911781311
0050;3;128;0,1;False;0,0010874771484415556;30;0,8018667697906494
0047;3;128;0,1;False;0,0010874771484415556;10;0,8018356561660767
0073;2;128;0,1;False;0,002220709089529535;30;0,8018116354942322
0072;2;128;0,30000000000000004;True;0,008553027379762107;30;0,8017858862876892
0083;3;256;0,4;True;0,00207431648016279;30;0,801711916923523
0048;2;128;0,2;False;0,003298757461307946;10;0,801701009273529
0068;2;128;0,1;False;0,002220709089529535;10;0,8016186952590942
0071;2;128;0,0;False;0,0007358058711559769;10;0,8015877604484558
0089;2;256;0,2;True;0,005198673201549641;30;0,8015435934066772
0067;2;256;0,1;False;0,0007754815202783544;10;0,8014968633651733
0051;2;128;0,2;False;0,003298757461307946;30;0,8014739155769348
0074;3;256;0,4;True;0,00207431648016279;10;0,8014310598373413
0069;2;256;0,2;True;0,005117045969850107;10;0,8013784885406494
0034;4;256;0,0;False;0,0010277342442932575;4;0,8013304471969604
0036;3;128;0,1;False;0,0010874771484415556;4;0,8012455701828003
0046;4;256;0,0;False;0,0010277342442932575;10;0,8012297749519348
0035;2;128;0,2;False;0,003298757461307946;4;0,8012125492095947
0059;2;256;0,1;False;0,0007754815202783544;4;0,8012007474899292
0056;2;128;0,1;False;0,002220709089529535;4;0,8011824488639832
0007;4;256;0,0;False;0,0010277342442932575;2;0,801145076751709
0085;4;128;0,4;True;0,004692442542333609;30;0,8010222911834717
0049;2;16;0,1;True;0,0043925333029596605;10;0,8009945154190063
0055;2;256;0,2;True;0,005117045969850107;4;0,8009052872657776
0062;2;128;0,30000000000000004;True;0,008553027379762107;4;0,8008077144622803
0061;2;128;0,0;False;0,0007358058711559769;4;0,8007875680923462
0087;1;16;0,0;False;0,0014608991119630973;30;0,800764799118042
0043;2;16;0,1;True;0,0043925333029596605;4;0,8007409572601318
0084;4;16;0,0;False;0,0007239024896038506;30;0,8007226586341858
0058;2;256;0,4;False;0,007147424082020044;4;0,8007201552391052
0045;2;64;0,2;True;0,0014172041528226799;4;0,8005894422531128
0029;2;128;0,2;False;0,003298757461307946;2;0,8005594611167908
0038;4;256;0,4;False;0,0014517231809036133;4;0,8005419373512268
0037;4;256;0,1;True;0,0009452767099282696;4;0,8005043268203735
0088;1;16;0,1;True;0,0013182933088237972;30;0,8004265427589417
0077;4;16;0,0;False;0,0007239024896038506;10;0,8003312349319458
0041;1;64;0,30000000000000004;False;0,0038287047044982298;4;0,8001667261123657
0042;1;128;0,1;True;0,0036569295366168696;4;0,8001449704170227
0060;4;64;0,1;False;0,0009499503533721249;4;0,800137996673584
0039;1;256;0,4;True;0,0026385629878377535;4;0,8001266121864319
0023;3;128;0,1;False;0,0010874771484415556;2;0,8000712990760803
0057;3;128;0,0;True;0,002378558206931083;4;0,8000019788742065
0040;3;64;0,0;True;0,0025890919266874407;4;0,7999811172485352
0052;2;16;0,2;False;0,005218086982564764;4;0,7999054789543152
0079;3;64;0,0;False;0,00011291796479765002;10;0,799885630607605
0022;4;256;0,1;True;0,0009452767099282696;2;0,799823522567749
0027;4;256;0,4;False;0,0014517231809036133;2;0,7997871041297913
0076;3;32;0,1;True;0,0006272926608040048;10;0,7997688055038452
0078;3;16;0,0;True;0,004374053497450242;10;0,7997297644615173
0065;4;256;0,2;False;0,00010957237595130019;4;0,799684464931488
0044;4;128;0,4;False;0,008547485565344062;4;0,7996267080307007
0012;1;256;0,4;True;0,0026385629878377535;2;0,7994832992553711
0081;4;128;0,2;True;0,00016176530973716871;10;0,7994062900543213
0021;3;64;0,0;True;0,0025890919266874407;2;0,7990636229515076
0008;1;64;0,30000000000000004;False;0,0038287047044982298;2;0,7990605235099792
0025;1;128;0,1;True;0,0036569295366168696;2;0,7990360260009766
0014;2;16;0,1;True;0,0043925333029596605;2;0,7990127205848694
0002;4;128;0,4;False;0,008547485565344062;2;0,7987814545631409
0018;2;64;0,2;True;0,0014172041528226799;2;0,7987805008888245
0010;2;256;0,2;True;0,0005510469719519641;2;0,7984007000923157
0063;1;128;0,0;True;0,0009271244766046284;4;0,7981860041618347
0000;3;16;0,2;False;0,005977728042983696;2;0,7981729507446289
0086;1;64;0,4;False;0,0001029562160619873;30;0,7981231212615967
0033;3;32;0,2;False;0,0013483168145598807;2;0,7980936765670776
0066;3;128;0,0;True;0,0009629861008872285;4;0,7980857491493225
0013;1;16;0,1;True;0,004511709522511237;2;0,7973084449768066
0030;2;64;0,4;True;0,001989751755243559;2;0,7970035076141357
0003;1;64;0,1;False;0,0009749332269823054;2;0,7965192198753357
0019;1;16;0,0;True;0,001083033272419774;2;0,7962640523910522
0017;1;256;0,2;True;0,00042743529195715565;2;0,7956563830375671
0075;4;64;0,0;True;0,00014000006471192848;10;0,7948262691497803
0011;1;32;0,2;False;0,001453129317743269;2;0,7944741249084473
0005;1;128;0,30000000000000004;True;0,00044412650444693207;2;0,7942488193511963
0001;2;64;0,0;False;0,0003069273045576997;2;0,7937541007995605
0054;4;32;0,0;True;0,000929184356170649;4;0,7923581600189209
0020;3;256;0,2;True;0,0001847865399001616;2;0,7922744750976562
0064;4;16;0,0;True;0,0005570209504908154;4;0,7917947769165039
0006;1;32;0,4;False;0,0005509513888645584;2;0,790247917175293
0015;1;128;0,4;True;0,00014948684422968163;2;0,7861581444740295
0028;2;16;0,1;True;0,00048372585966754625;2;0,7832326889038086
0004;4;64;0,2;False;0,0001385536126653817;2;0,7822476029396057
0016;3;16;0,4;True;0,0013968619216753887;2;0,7791480422019958
0024;1;64;0,0;False;0,00022773443777239995;2;0,7738533020019531
0053;4;32;0,30000000000000004;True;0,00030969640670569564;4;0,770482063293457
0031;3;16;0,1;False;0,00013620859636047247;2;0,7624990940093994
0026;2;32;0,4;False;0,00011465640987948183;2;0,7410616874694824
0009;1;32;0,0;False;0,00014690651027379393;2;0,7375487089157104
0032;4;16;0,1;False;0,00010406284012562844;2;0,5697780847549438
