epoca;SGD;SGD + momentum;RMSprop;Adam;AdamW;Nadam
0;0,7804847359657288;0,7912096977233887;0,7985476851463318;0,7983227372169495;0,7983219027519226;0,7985336780548096
1;0,7896741032600403;0,7958284020423889;0,8004353642463684;0,8003280758857727;0,8003637790679932;0,8002809286117554
2;0,7932770252227783;0,797688364982605;0,8013712167739868;0,8012853860855103;0,8013064861297607;0,8010863065719604
3;0,7953028082847595;0,79854816198349;0,8014126420021057;0,8014240264892578;0,801362931728363;0,8013321161270142
4;0,796251118183136;0,799321711063385;0,8014096021652222;0,8014453649520874;0,8014227747917175;0,8015037775039673
5;0,7973222732543945;0,7996492385864258;0,8014281988143921;0,8014811873435974;0,8014622330665588;0,8013663291931152
6;0,7978137135505676;0,7999691963195801;0,8011375069618225;0,8014464378356934;0,8015167117118835;0,8014183044433594
7;0,7981860637664795;0,7999569773674011;0,801324725151062;0,8015977144241333;0,801615834236145;0,8014864921569824
8;0,7986242771148682;0,8002538681030273;0,8012644052505493;0,8015542030334473;0,8016447424888611;0,8013615012168884
9;0,7988604307174683;0,8005653023719788;0,8013763427734375;0,8014786839485168;0,8014789819717407;0,8011342287063599
10;0,7991980314254761;0,8004279136657715;0,80136638879776;0,8014172911643982;0,8014948964118958;0,8013599514961243
11;0,7992992401123047;0,8006429672241211;0,8016765117645264;0,8016644716262817;0,8017355799674988;0,8015225529670715
12;0,799474835395813;0,8007848262786865;0,8012468814849854;0,8014576435089111;0,8014607429504395;0,8012734651565552
13;0,7996885776519775;0,8008922338485718;0,80141681432724;0,8013597726821899;0,8014795780181885;0,8012049198150635
14;0,7998851537704468;0,8008686304092407;0,8014825582504272;0,801518440246582;0,8015428781509399;0,8013858795166016
15;0,7998688220977783;0,8010450005531311;0,8015725612640381;0,8016074895858765;0,8016548156738281;0,8014708757400513
16;0,8000809550285339;0,8009989261627197;0,8018519878387451;0,8015789985656738;0,8018212914466858;0,8016685247421265
17;0,8001077175140381;0,8009335994720459;0,8015979528427124;0,80180823802948;0,801796555519104;0,8016570806503296
18;0,8002806901931763;0,8009428977966309;0,801640510559082;0,8015647530555725;0,8015239238739014;0,801568329334259
19;0,8002613186836243;0,8009738326072693;0,8016672134399414;0,8016712665557861;0,8017052412033081;0,8016636371612549
20;0,8003580570220947;0,80109703540802;0,8018101453781128;0,8019980192184448;0,8018889427185059;0,801985502243042
21;0,8006466627120972;0,8009451031684875;0,8013758659362793;0,8013685941696167;0,801056981086731;0,8016913533210754
22;0,8006547689437866;0,8010605573654175;0,8014141321182251;0,8014611005783081;0,8013902306556702;0,8016675710678101
23;0,8006609678268433;0,80118727684021;0,8013978004455566;0,8015794157981873;0,8013842105865479;0,8017879724502563
24;0,8006172180175781;0,801118016242981;0,8014103174209595;0,8015260696411133;0,8013482093811035;0,8017688989639282
25;0,8007074594497681;0,8010841608047485;0,8013105988502502;0,8014734983444214;0,8011978268623352;0,8014430403709412
26;0,8007807731628418;0,801072359085083;0,8013505339622498;0,8017553091049194;0,8017271757125854;0,8019528388977051
27;0,8008325695991516;0,8010756373405457;;0,8016394376754761;0,8014798164367676;0,8015355467796326
28;0,8008981943130493;0,8010876774787903;;0,8016843795776367;0,8017117381095886;0,8018768429756165
29;0,8009868860244751;0,8009272813796997;;0,8011479377746582;0,8011541366577148;0,8015609979629517
30;0,8009588718414307;0,8010036945343018;;0,8012800216674805;0,8012408018112183;0,8015062808990479
31;0,8009564876556396;0,80107182264328;;;;
32;0,8010534048080444;0,801150918006897;;;;
33;0,8010926246643066;0,8011040687561035;;;;
34;0,8012232184410095;;;;;
35;0,8012243509292603;;;;;
36;0,8012211918830872;;;;;
37;0,8011905550956726;;;;;
38;0,8011859655380249;;;;;
39;0,8012327551841736;;;;;
40;0,8012741804122925;;;;;
41;0,8013250827789307;;;;;
42;0,8013705611228943;;;;;
43;0,801289439201355;;;;;
44;0,8013533353805542;;;;;
45;0,8014066815376282;;;;;
46;0,8014066219329834;;;;;
47;0,8014224767684937;;;;;
48;0,8012558817863464;;;;;
49;0,8014376759529114;;;;;
50;0,8013551235198975;;;;;
51;0,8014112710952759;;;;;
52;0,8013952374458313;;;;;
53;0,8014616966247559;;;;;
54;0,8013927936553955;;;;;
55;0,8012840151786804;;;;;
56;0,801365315914154;;;;;
57;0,8014408349990845;;;;;
58;0,8014259338378906;;;;;
59;0,8013244271278381;;;;;
