;ap_hi;idade_anos;prob
0;90,0;30,0;0,019043187
50;115,11415525114155;30,0;0,063502505
100;140,2283105022831;30,0;0,6899182
150;165,34246575342465;30,0;0,9107796
200;190,45662100456622;30,0;0,9206414
250;105,06849315068493;30,159817351598175;0,03625022
300;130,1826484018265;30,159817351598175;0,23128884
350;155,29680365296804;30,159817351598175;0,90657556
400;180,41095890410958;30,159817351598175;0,9169213
450;95,0228310502283;30,319634703196346;0,024169646
500;120,13698630136986;30,319634703196346;0,1014561
550;145,2511415525114;30,319634703196346;0,8208267
600;170,36529680365297;30,319634703196346;0,91163236
650;195,47945205479454;30,319634703196346;0,92102844
700;110,09132420091325;30,47945205479452;0,047227323
750;135,2054794520548;30,47945205479452;0,45224962
800;160,31963470319636;30,47945205479452;0,9078181
850;185,4337899543379;30,47945205479452;0,91821134
900;100,04566210045662;30,639269406392692;0,030562848
950;125,15981735159818;30,639269406392692;0,15826005
1000;150,27397260273972;30,639269406392692;0,8876668
1050;175,38812785388126;30,639269406392692;0,912988
1100;90,0;30,799086757990867;0,020730698
1150;115,11415525114155;30,799086757990867;0,06659711
1200;140,2283105022831;30,799086757990867;0,70855093
1250;165,34246575342465;30,799086757990867;0,9084488
1300;190,45662100456622;30,799086757990867;0,91853434
1350;105,06849315068493;30,958904109589042;0,03920069
1400;130,1826484018265;30,958904109589042;0,24080922
1450;155,29680365296804;30,958904109589042;0,90413606
1500;180,41095890410958;30,958904109589042;0,9155331
1550;95,0228310502283;31,118721461187214;0,026203472
1600;120,13698630136986;31,118721461187214;0,10619058
1650;145,2511415525114;31,118721461187214;0,828493
1700;170,36529680365297;31,118721461187214;0,90974146
1750;195,47945205479454;31,118721461187214;0,9189688
1800;110,09132420091325;31,27853881278539;0,050861098
1850;135,2054794520548;31,27853881278539;0,4742525
1900;160,31963470319636;31,27853881278539;0,9051625
1950;185,4337899543379;31,27853881278539;0,91603357
2000;100,04566210045662;31,438356164383563;0,033162612
2050;125,15981735159818;31,438356164383563;0,16515806
2100;150,27397260273972;31,438356164383563;0,8914931
2150;175,38812785388126;31,438356164383563;0,9113602
2200;90,0;31,598173515981735;0,02256431
2250;115,11415525114155;31,598173515981735;0,069831304
2300;140,2283105022831;31,598173515981735;0,7259589
2350;165,34246575342465;31,598173515981735;0,9064968
2400;190,45662100456622;31,598173515981735;0,9164156
2450;105,06849315068493;31,75799086757991;0,042380713
2500;130,1826484018265;31,75799086757991;0,25059378
2550;155,29680365296804;31,75799086757991;0,9016398
2600;180,41095890410958;31,75799086757991;0,91347563
2650;95,0228310502283;31,91780821917808;0,02828441
2700;120,13698630136986;31,91780821917808;0,11111859
2750;145,2511415525114;31,91780821917808;0,83589685
2800;170,36529680365297;31,91780821917808;0,90781426
2850;195,47945205479454;31,91780821917808;0,9168603
2900;110,09132420091325;32,077625570776256;0,05475838
2950;135,2054794520548;32,077625570776256;0,49635583
3000;160,31963470319636;32,077625570776256;0,90314794
3050;185,4337899543379;32,077625570776256;0,91380334
3100;100,04566210045662;32,23744292237443;0,035975296
3150;125,15981735159818;32,23744292237443;0,17229517
3200;150,27397260273972;32,23744292237443;0,8929354
3250;175,38812785388126;32,23744292237443;0,9098882
3300;90,0;32,397260273972606;0,024556048
3350;115,11415525114155;32,397260273972606;0,07376861
3400;140,2283105022831;32,397260273972606;0,73958844
3450;165,34246575342465;32,397260273972606;0,9045076
3500;190,45662100456622;32,397260273972606;0,9142468
3550;105,06849315068493;32,55707762557078;0,045806438
3600;130,1826484018265;32,55707762557078;0,26163983
3650;155,29680365296804;32,55707762557078;0,89959466
3700;180,41095890410958;32,55707762557078;0,911184
3750;95,0228310502283;32,71689497716895;0,030535024
3800;120,13698630136986;32,71689497716895;0,116245665
3850;145,2511415525114;32,71689497716895;0,84304166
3900;170,36529680365297;32,71689497716895;0,90590346
3950;195,47945205479454;32,71689497716895;0,914702
4000;110,09132420091325;32,87671232876713;0,058935758
4050;135,2054794520548;32,87671232876713;0,5184734
4100;160,31963470319636;32,87671232876713;0,9010952
4150;185,4337899543379;32,87671232876713;0,91155916
4200;100,04566210045662;33,0365296803653;0,039016914
4250;125,15981735159818;33,0365296803653;0,17967431
4300;150,27397260273972;33,0365296803653;0,89180744
4350;175,38812785388126;33,0365296803653;0,90839416
4400;90,0;33,19634703196347;0,026718775
4450;115,11415525114155;33,19634703196347;0,07831032
4500;140,2283105022831;33,19634703196347;0,75163877
4550;165,34246575342465;33,19634703196347;0,9024806
4600;190,45662100456622;33,19634703196347;0,9120272
4650;105,06849315068493;33,35616438356164;0,04949476
4700;130,1826484018265;33,35616438356164;0,2751412
4750;155,29680365296804;33,35616438356164;0,8975747
4800;180,41095890410958;33,35616438356164;0,9088378
4850;95,0228310502283;33,51598173515982;0,033087976
4900;120,13698630136986;33,51598173515982;0,12157692
4950;145,2511415525114;33,51598173515982;0,84993124
5000;170,36529680365297;33,51598173515982;0,9039857
5050;195,47945205479454;33,51598173515982;0,91249305
5100;110,09132420091325;33,67579908675799;0,06341043
5150;135,2054794520548;33,67579908675799;0,54051876
5200;160,31963470319636;33,67579908675799;0,8990039
5250;185,4337899543379;33,67579908675799;0,9092769
5300;100,04566210045662;33,83561643835616;0,04204816
5350;125,15981735159818;33,83561643835616;0,18729806
5400;150,27397260273972;33,83561643835616;0,88957846
5450;175,38812785388126;33,83561643835616;0,9060831
5500;90,0;33,99543378995434;0,029066293
5550;115,11415525114155;33,99543378995434;0,083106585
5600;140,2283105022831;33,99543378995434;0,76331
5650;165,34246575342465;33,99543378995434;0,9004153
5700;190,45662100456622;33,99543378995434;0,9097558
5750;105,06849315068493;34,15525114155251;0,053463414
5800;130,1826484018265;34,15525114155251;0,29099613
5850;155,29680365296804;34,15525114155251;0,8954176
5900;180,41095890410958;34,15525114155251;0,9064494
5950;95,0228310502283;34,31506849315068;0,035974428
6000;120,13698630136986;34,31506849315068;0,12711746
6050;145,2511415525114;34,31506849315068;0,8565698
6100;170,36529680365297;34,31506849315068;0,90232307
6150;195,47945205479454;34,31506849315068;0,9102325
6200;110,09132420091325;34,474885844748854;0,06820022
6250;135,2054794520548;34,474885844748854;0,56240666
6300;160,31963470319636;34,474885844748854;0,89687335
6350;185,4337899543379;34,474885844748854;0,9069417
6400;100,04566210045662;34,63470319634703;0,045271784
6450;125,15981735159818;34,63470319634703;0,19516823
6500;150,27397260273972;34,63470319634703;0,887649
6550;175,38812785388126;34,63470319634703;0,90361637
6600;90,0;34,794520547945204;0,031613383
6650;115,11415525114155;34,794520547945204;0,089152195
6700;140,2283105022831;34,794520547945204;0,77376616
6750;165,34246575342465;34,794520547945204;0,8983112
6800;190,45662100456622;34,794520547945204;0,9074318
6850;105,06849315068493;34,954337899543376;0,057605527
6900;130,1826484018265;34,954337899543376;0,3077165
6950;155,29680365296804;34,954337899543376;0,8932204
7000;180,41095890410958;34,954337899543376;0,9040491
7050;95,0228310502283;35,114155251141554;0,039102472
7100;120,13698630136986;35,114155251141554;0,13287231
7150;145,2511415525114;35,114155251141554;0,8623104
7200;170,36529680365297;35,114155251141554;0,9007174
7250;195,47945205479454;35,114155251141554;0,90791947
7300;110,09132420091325;35,273972602739725;0,0735229
7350;135,2054794520548;35,273972602739725;0,58405423
7400;160,31963470319636;35,273972602739725;0,8947032
7450;185,4337899543379;35,273972602739725;0,9045528
7500;100,04566210045662;35,4337899543379;0,048775855
7550;125,15981735159818;35,4337899543379;0,20328644
7600;150,27397260273972;35,4337899543379;0,8856902
7650;175,38812785388126;35,4337899543379;0,9010919
7700;90,0;35,593607305936075;0,034375772
7750;115,11415525114155;35,593607305936075;0,09568778
7800;140,2283105022831;35,593607305936075;0,7830004
7850;165,34246575342465;35,593607305936075;0,8962514
7900;190,45662100456622;35,593607305936075;0,9050541
7950;105,06849315068493;35,75342465753425;0,06149352
8000;130,1826484018265;35,75342465753425;0,3265889
8050;155,29680365296804;35,75342465753425;0,8909827
8100;180,41095890410958;35,75342465753425;0,901594
8150;95,0228310502283;35,91324200913242;0,042490542
8200;120,13698630136986;35,91324200913242;0,13884625
8250;145,2511415525114;35,91324200913242;0,86560863
8300;170,36529680365297;35,91324200913242;0,8981294
8350;195,47945205479454;35,91324200913242;0,90555304
8400;110,09132420091325;36,073059360730596;0,07892995
8450;135,2054794520548;36,073059360730596;0,6053825
8500;160,31963470319636;36,073059360730596;0,8924928
8550;185,4337899543379;36,073059360730596;0,90210915
8600;100,04566210045662;36,23287671232877;0,05256881
8650;125,15981735159818;36,23287671232877;0,2116535
8700;150,27397260273972;36,23287671232877;0,88370174
8750;175,38812785388126;36,23287671232877;0,8985537
8800;90,0;36,39269406392694;0,0373702
8850;115,11415525114155;36,39269406392694;0,1026485
8900;140,2283105022831;36,39269406392694;0,7919591
8950;165,34246575342465;36,39269406392694;0,89419675
9000;190,45662100456622;36,39269406392694;0,90262187
9050;105,06849315068493;36,55251141552512;0,065727
9100;130,1826484018265;36,55251141552512;0,34610343
9150;155,29680365296804;36,55251141552512;0,8887039
9200;180,41095890410958;36,55251141552512;0,899083
9250;95,0228310502283;36,71232876712329;0,046158083
9300;120,13698630136986;36,71232876712329;0,14504385
9350;145,2511415525114;36,71232876712329;0,8670264
9400;170,36529680365297;36,71232876712329;0,89547783
9450;195,47945205479454;36,71232876712329;0,9038461
9500;110,09132420091325;36,87214611872146;0,08406283
9550;135,2054794520548;36,87214611872146;0,62631667
9600;160,31963470319636;36,87214611872146;0,8902417
9650;185,4337899543379;36,87214611872146;0,89960986
9700;100,04566210045662;37,03196347031963;0,05670975
9750;125,15981735159818;37,03196347031963;0,22026968
9800;150,27397260273972;37,03196347031963;0,8814314
9850;175,38812785388126;37,03196347031963;0,8959741
9900;90,0;37,19178082191781;0,040614523
9950;115,11415525114155;37,19178082191781;0,1100539
10000;140,2283105022831;37,19178082191781;0,8006421
10050;165,34246575342465;37,19178082191781;0,89236724
10100;190,45662100456622;37,19178082191781;0,90013427
10150;105,06849315068493;37,35159817351598;0,07023008
10200;130,1826484018265;37,35159817351598;0,36614996
10250;155,29680365296804;37,35159817351598;0,88638365
10300;180,41095890410958;37,35159817351598;0,89651537
10350;95,0228310502283;37,51141552511415;0,05012559
10400;120,13698630136986;37,51141552511415;0,15146948
10450;145,2511415525114;37,51141552511415;0,8660012
10500;170,36529680365297;37,51141552511415;0,89278084
10550;195,47945205479454;37,51141552511415;0,9022906
10600;110,09132420091325;37,67123287671233;0,08942071
10650;135,2054794520548;37,67123287671233;0,6467884
10700;160,31963470319636;37,67123287671233;0,8879712
10750;185,4337899543379;37,67123287671233;0,8970541
10800;100,04566210045662;37,8310502283105;0,061288334
10850;125,15981735159818;37,8310502283105;0,2294255
10900;150,27397260273972;37,8310502283105;0,8790455
10950;175,38812785388126;37,8310502283105;0,8933367
11000;90,0;37,990867579908674;0,044127576
11050;115,11415525114155;37,990867579908674;0,11653031
11100;140,2283105022831;37,990867579908674;0,8096333
11150;165,34246575342465;37,990867579908674;0,8895841
11200;190,45662100456622;37,990867579908674;0,8984952
11250;105,06849315068493;38,150684931506845;0,07501697
11300;130,1826484018265;38,150684931506845;0,38667095
11350;155,29680365296804;38,150684931506845;0,88402116
11400;180,41095890410958;38,150684931506845;0,89389
11450;95,0228310502283;38,31050228310502;0,05441469
11500;120,13698630136986;38,31050228310502;0,1581271
11550;145,2511415525114;38,31050228310502;0,8649694
11600;170,36529680365297;38,31050228310502;0,89007246
11650;195,47945205479454;38,31050228310502;0,9007127
11700;110,09132420091325;38,470319634703195;0,09487621
11750;135,2054794520548;38,470319634703195;0,66673523
11800;160,31963470319636;38,470319634703195;0,8857341
11850;185,4337899543379;38,470319634703195;0,89456964
11900;100,04566210045662;38,630136986301366;0,066210635
11950;125,15981735159818;38,630136986301366;0,23889303
12000;150,27397260273972;38,630136986301366;0,8766183
12050;175,38812785388126;38,630136986301366;0,8906406
12100;90,0;38,789954337899545;0,047929343
12150;115,11415525114155;38,789954337899545;0,12330028
12200;140,2283105022831;38,789954337899545;0,81874186
12250;165,34246575342465;38,789954337899545;0,8867382
12300;190,45662100456622;38,789954337899545;0,89686304
12350;105,06849315068493;38,949771689497716;0,080217294
12400;130,1826484018265;38,949771689497716;0,40760246
12450;155,29680365296804;38,949771689497716;0,8816163
12500;180,41095890410958;38,949771689497716;0,8912062
12550;95,0228310502283;39,10958904109589;0,05904796
12600;120,13698630136986;39,10958904109589;0,16462745
12650;145,2511415525114;39,10958904109589;0,86311203
12700;170,36529680365297;39,10958904109589;0,8873043
12750;195,47945205479454;39,10958904109589;0,8991122
12800;110,09132420091325;39,269406392694066;0,10062773
12850;135,2054794520548;39,269406392694066;0,68610245
12900;160,31963470319636;39,269406392694066;0,88340145
12950;185,4337899543379;39,269406392694066;0,8928818
13000;100,04566210045662;39,42922374429224;0,071498156
13050;125,15981735159818;39,42922374429224;0,24862517
13100;150,27397260273972;39,42922374429224;0,87414944
13150;175,38812785388126;39,42922374429224;0,887885
13200;90,0;39,58904109589041;0,052040815
13250;115,11415525114155;39,58904109589041;0,13040549
13300;140,2283105022831;39,58904109589041;0,82524747
13350;165,34246575342465;39,58904109589041;0,8838795
13400;190,45662100456622;39,58904109589041;0,8952077
13450;105,06849315068493;39,74885844748859;0,08592794
13500;130,1826484018265;39,74885844748859;0,42887476
13550;155,29680365296804;39,74885844748859;0,87916833
13600;180,41095890410958;39,74885844748859;0,88876605
13650;95,0228310502283;39,90867579908676;0,06404903
13700;120,13698630136986;39,90867579908676;0,17017439
13750;145,2511415525114;39,90867579908676;0,86089253
13800;170,36529680365297;39,90867579908676;0,88447535
13850;195,47945205479454;39,90867579908676;0,89748895
13900;110,09132420091325;40,06849315068493;0,106686816
13950;135,2054794520548;40,06849315068493;0,7026106
14000;160,31963470319636;40,06849315068493;0,88041747
14050;185,4337899543379;40,06849315068493;0,8911704
14100;100,04566210045662;40,22831050228311;0,07717302
14150;125,15981735159818;40,22831050228311;0,25861916
14200;150,27397260273972;40,22831050228311;0,87163836
14250;175,38812785388126;40,22831050228311;0,8850688
14300;90,0;40,38812785388128;0,05648405
14350;115,11415525114155;40,38812785388128;0,13746835
14400;140,2283105022831;40,38812785388128;0,8292549
14450;165,34246575342465;40,38812785388128;0,8809761
14500;190,45662100456622;40,38812785388128;0,893529
14550;105,06849315068493;40,54794520547945;0,09243762
14600;130,1826484018265;40,54794520547945;0,45041317
14650;155,29680365296804;40,54794520547945;0,8767301
14700;180,41095890410958;40,54794520547945;0,88699716
14750;95,0228310502283;40,70776255707763;0,06939336
14800;120,13698630136986;40,70776255707763;0,17916852
14850;145,2511415525114;40,70776255707763;0,8583639
14900;170,36529680365297;40,70776255707763;0,88158506
14950;195,47945205479454;40,70776255707763;0,8958425
15000;110,09132420091325;40,8675799086758;0,11346747
15050;135,2054794520548;40,8675799086758;0,71597165
15100;160,31963470319636;40,8675799086758;0,8773855
15150;185,4337899543379;40,8675799086758;0,88943493
15200;100,04566210045662;41,02739726027397;0,08325795
15250;125,15981735159818;41,02739726027397;0,268871
15300;150,27397260273972;41,02739726027397;0,8690848
15350;175,38812785388126;41,02739726027397;0,8826849
15400;90,0;41,18721461187214;0,061282095
15450;115,11415525114155;41,18721461187214;0,14483778
15500;140,2283105022831;41,18721461187214;0,8308714
15550;165,34246575342465;41,18721461187214;0,8780103
15600;190,45662100456622;41,18721461187214;0,8918266
15650;105,06849315068493;41,34703196347032;0,099596225
15700;130,1826484018265;41,34703196347032;0,47213915
15750;155,29680365296804;41,34703196347032;0,87392616
15800;180,41095890410958;41,34703196347032;0,8852037
15850;95,0228310502283;41,50684931506849;0,07491464
15900;120,13698630136986;41,50684931506849;0,1887999
15950;145,2511415525114;41,50684931506849;0,8555899
16000;170,36529680365297;41,50684931506849;0,8786322
16050;195,47945205479454;41,50684931506849;0,8941727
16100;110,09132420091325;41,666666666666664;0,120818414
16150;135,2054794520548;41,666666666666664;0,7300082
16200;160,31963470319636;41,666666666666664;0,8743429
16250;185,4337899543379;41,666666666666664;0,8876754
16300;100,04566210045662;41,826484018264836;0,08977597
16350;125,15981735159818;41,826484018264836;0,2793762
16400;150,27397260273972;41,826484018264836;0,86648804
16450;175,38812785388126;41,826484018264836;0,88083225
16500;90,0;41,986301369863014;0,06645903
16550;115,11415525114155;41,986301369863014;0,15253243
16600;140,2283105022831;41,986301369863014;0,8314633
16650;165,34246575342465;41,986301369863014;0,8749809
16700;190,45662100456622;41,986301369863014;0,89010036
16750;105,06849315068493;42,146118721461185;0,10724367
16800;130,1826484018265;42,146118721461185;0,49397102
16850;155,29680365296804;42,146118721461185;0,8706006
16900;180,41095890410958;42,146118721461185;0,88338566
16950;95,0228310502283;42,30593607305936;0,080837086
17000;120,13698630136986;42,30593607305936;0,19846901
17050;145,2511415525114;42,30593607305936;0,8527709
17100;170,36529680365297;42,30593607305936;0,87631756
17150;195,47945205479454;42,30593607305936;0,8924794
17200;110,09132420091325;42,465753424657535;0,12866409
17250;135,2054794520548;42,465753424657535;0,7418342
17300;160,31963470319636;42,465753424657535;0,8712359
17350;185,4337899543379;42,465753424657535;0,8858914
17400;100,04566210045662;42,62557077625571;0,09675043
17450;125,15981735159818;42,62557077625571;0,28689322
17500;150,27397260273972;42,62557077625571;0,8645966
17550;175,38812785388126;42,62557077625571;0,87895435
17600;90,0;42,78538812785388;0,07203971
17650;115,11415525114155;42,78538812785388;0,16079137
17700;140,2283105022831;42,78538812785388;0,83083594
17750;165,34246575342465;42,78538812785388;0,87188745
17800;190,45662100456622;42,78538812785388;0,88835007
17850;105,06849315068493;42,945205479452056;0,1154031
17900;130,1826484018265;42,945205479452056;0,515826
17950;155,29680365296804;42,945205479452056;0,86837953
18000;180,41095890410958;42,945205479452056;0,8815426
18050;95,0228310502283;43,10502283105023;0,087183625
18100;120,13698630136986;43,10502283105023;0,20831881
18150;145,2511415525114;43,10502283105023;0,8503496
18200;170,36529680365297;43,10502283105023;0,87440157
18250;195,47945205479454;43,10502283105023;0,89076227
18300;110,09132420091325;43,2648401826484;0,13730878
18350;135,2054794520548;43,2648401826484;0,7507737
18400;160,31963470319636;43,2648401826484;0,869202
18450;185,4337899543379;43,2648401826484;0,88408273
18500;100,04566210045662;43,42465753424658;0,104204684
18550;125,15981735159818;43,42465753424658;0,2939047
18600;150,27397260273972;43,42465753424658;0,8625011
18650;175,38812785388126;43,42465753424658;0,87727535
18700;90,0;43,58447488584475;0,078061864
18750;115,11415525114155;43,58447488584475;0,16978921
18800;140,2283105022831;43,58447488584475;0,82919854
18850;165,34246575342465;43,58447488584475;0,8709627
18900;190,45662100456622;43,58447488584475;0,88657534
18950;105,06849315068493;43,74429223744292;0,124097
19000;130,1826484018265;43,74429223744292;0,5376205
19050;155,29680365296804;43,74429223744292;0,8666554
19100;180,41095890410958;43,74429223744292;0,88009226
19150;95,0228310502283;43,9041095890411;0,09397748
19200;120,13698630136986;43,9041095890411;0,21852417
19250;145,2511415525114;43,9041095890411;0,847987
19300;170,36529680365297;43,9041095890411;0,87390375
19350;195,47945205479454;43,9041095890411;0,88902116
19400;110,09132420091325;44,06392694063927;0,14716277
19450;135,2054794520548;44,06392694063927;0,7566385
19500;160,31963470319636;44,06392694063927;0,867487
19550;185,4337899543379;44,06392694063927;0,88285327
19600;100,04566210045662;44,22374429223744;0,11216189
19650;125,15981735159818;44,22374429223744;0,30073056
19700;150,27397260273972;44,22374429223744;0,85992306
19750;175,38812785388126;44,22374429223744;0,8767873
19800;90,0;44,38356164383562;0,08454842
19850;115,11415525114155;44,38356164383562;0,17918305
19900;140,2283105022831;44,38356164383562;0,8279124
19950;165,34246575342465;44,38356164383562;0,8704532
20000;190,45662100456622;44,38356164383562;0,885559
20050;105,06849315068493;44,54337899543379;0,13334708
20100;130,1826484018265;44,54337899543379;0,5594024
20150;155,29680365296804;44,54337899543379;0,8649122
20200;180,41095890410958;44,54337899543379;0,87961394
20250;95,0228310502283;44,70319634703196;0,101258636
20300;120,13698630136986;44,70319634703196;0,22908479
20350;145,2511415525114;44,70319634703196;0,8455938
20400;170,36529680365297;44,70319634703196;0,8734042
20450;195,47945205479454;44,70319634703196;0,88821
20500;110,09132420091325;44,863013698630134;0,1578224
20550;135,2054794520548;44,863013698630134;0,7579658
20600;160,31963470319636;44,863013698630134;0,8669226
20650;185,4337899543379;44,863013698630134;0,8823845
20700;100,04566210045662;45,02283105022831;0,12064495
20750;125,15981735159818;45,02283105022831;0,3082289
20800;150,27397260273972;45,02283105022831;0,8580718
20850;175,38812785388126;45,02283105022831;0,87629753
20900;90,0;45,182648401826484;0,0913723
20950;115,11415525114155;45,182648401826484;0,18897834
21000;140,2283105022831;45,182648401826484;0,8261039
21050;165,34246575342465;45,182648401826484;0,86994207
21100;190,45662100456622;45,182648401826484;0,88509953
21150;105,06849315068493;45,342465753424655;0,14317401
21200;130,1826484018265;45,342465753424655;0,5803707
21250;155,29680365296804;45,342465753424655;0,86331093
21300;180,41095890410958;45,342465753424655;0,8791339
21350;95,0228310502283;45,502283105022826;0,10906076
21400;120,13698630136986;45,502283105022826;0,23959553
21450;145,2511415525114;45,502283105022826;0,8426867
21500;170,36529680365297;45,502283105022826;0,872903
21550;195,47945205479454;45,502283105022826;0,8877599
21600;110,09132420091325;45,662100456621005;0,16910112
21650;135,2054794520548;45,662100456621005;0,75887346
21700;160,31963470319636;45,662100456621005;0,86639965
21750;185,4337899543379;45,662100456621005;0,88191396
21800;100,04566210045662;45,821917808219176;0,12968476
21850;125,15981735159818;45,821917808219176;0,31508666
21900;150,27397260273972;45,821917808219176;0,85620016
21950;175,38812785388126;45,821917808219176;0,8758062
22000;90,0;45,98173515981735;0,09849618
22050;115,11415525114155;45,98173515981735;0,19832793
22100;140,2283105022831;45,98173515981735;0,82390827
22150;165,34246575342465;45,98173515981735;0,8694292
22200;190,45662100456622;45,98173515981735;0,8846384
22250;105,06849315068493;46,141552511415526;0,15359677
22300;130,1826484018265;46,141552511415526;0,5988132
22350;155,29680365296804;46,141552511415526;0,862776
22400;180,41095890410958;46,141552511415526;0,8786523
22450;95,0228310502283;46,3013698630137;0,11738556
22500;120,13698630136986;46,3013698630137;0,2482241
22550;145,2511415525114;46,3013698630137;0,8400527
22600;170,36529680365297;46,3013698630137;0,87240005
22650;195,47945205479454;46,3013698630137;0,8873082
22700;110,09132420091325;46,46118721461187;0,17987037
22750;135,2054794520548;46,46118721461187;0,7593887
22800;160,31963470319636;46,46118721461187;0,86587495
22850;185,4337899543379;46,46118721461187;0,8814419
22900;100,04566210045662;46,62100456621005;0,13933754
22950;125,15981735159818;46,62100456621005;0,3227037
23000;150,27397260273972;46,62100456621005;0,8546514
23050;175,38812785388126;46,62100456621005;0,87531316
23100;90,0;46,78082191780822;0,10611057
23150;115,11415525114155;46,78082191780822;0,20874928
23200;140,2283105022831;46,78082191780822;0,82169074
23250;165,34246575342465;46,78082191780822;0,86891454
23300;190,45662100456622;46,78082191780822;0,88417584
23350;105,06849315068493;46,94063926940639;0,16365434
23400;130,1826484018265;46,94063926940639;0,61232007
23450;155,29680365296804;46,94063926940639;0,86223936
23500;180,41095890410958;46,94063926940639;0,8781688
23550;95,0228310502283;47,10045662100457;0,1262557
23600;120,13698630136986;47,10045662100457;0,25705835
23650;145,2511415525114;47,10045662100457;0,83767474
23700;170,36529680365297;47,10045662100457;0,87189543
23750;195,47945205479454;47,10045662100457;0,88685495
23800;110,09132420091325;47,26027397260274;0,1904098
23850;135,2054794520548;47,26027397260274;0,75949967
23900;160,31963470319636;47,26027397260274;0,8653485
23950;185,4337899543379;47,26027397260274;0,8809681
24000;100,04566210045662;47,42009132420091;0,14920744
24050;125,15981735159818;47,42009132420091;0,33216387
24100;150,27397260273972;47,42009132420091;0,8539085
24150;175,38812785388126;47,42009132420091;0,8748183
24200;90,0;47,57990867579909;0,114239044
24250;115,11415525114155;47,57990867579909;0,22038667
24300;140,2283105022831;47,57990867579909;0,81889415
24350;165,34246575342465;47,57990867579909;0,86839825
24400;190,45662100456622;47,57990867579909;0,88371164
24450;105,06849315068493;47,73972602739726;0,1736943
24500;130,1826484018265;47,73972602739726;0,6178232
24550;155,29680365296804;47,73972602739726;0,86170095
24600;180,41095890410958;47,73972602739726;0,8776839
24650;95,0228310502283;47,89954337899543;0,13525443
24700;120,13698630136986;47,89954337899543;0,26579207
24750;145,2511415525114;47,89954337899543;0,8361625
24800;170,36529680365297;47,89954337899543;0,87138915
24850;195,47945205479454;47,89954337899543;0,8864
24900;110,09132420091325;48,05936073059361;0,20073403
24950;135,2054794520548;48,05936073059361;0,7572536
25000;160,31963470319636;48,05936073059361;0,86470324
25050;185,4337899543379;48,05936073059361;0,88047814
25100;100,04566210045662;48,219178082191775;0,15765136
25150;125,15981735159818;48,219178082191775;0,34451038
25200;150,27397260273972;48,219178082191775;0,8529032
25250;175,38812785388126;48,219178082191775;0,8741168
25300;90,0;48,37899543378995;0,12168696
25350;115,11415525114155;48,37899543378995;0,23115441
25400;140,2283105022831;48,37899543378995;0,81577957
25450;165,34246575342465;48,37899543378995;0,86746776
25500;190,45662100456622;48,37899543378995;0,8829641
25550;105,06849315068493;48,53881278538813;0,18265542
25600;130,1826484018265;48,53881278538813;0,60550827
25650;155,29680365296804;48,53881278538813;0,86052364
25700;180,41095890410958;48,53881278538813;0,87671643
25750;95,0228310502283;48,698630136986296;0,14311491
25800;120,13698630136986;48,698630136986296;0,27288714
25850;145,2511415525114;48,698630136986296;0,83462167
25900;170,36529680365297;48,698630136986296;0,87018436
25950;195,47945205479454;48,698630136986296;0,8854049
26000;110,09132420091325;48,858447488584474;0,21063356
26050;135,2054794520548;48,858447488584474;0,7519448
26100;160,31963470319636;48,858447488584474;0,86336005
26150;185,4337899543379;48,858447488584474;0,8792698
26200;100,04566210045662;49,01826484018265;0,1661696
26250;125,15981735159818;49,01826484018265;0,35692027
26300;150,27397260273972;49,01826484018265;0,8514918
26350;175,38812785388126;49,01826484018265;0,87285334
26400;90,0;49,17808219178082;0,12949115
26450;115,11415525114155;49,17808219178082;0,24183132
26500;140,2283105022831;49,17808219178082;0,8135268
26550;165,34246575342465;49,17808219178082;0,8661478
26600;190,45662100456622;49,17808219178082;0,88177747
26650;105,06849315068493;49,337899543378995;0,1921056
26700;130,1826484018265;49,337899543378995;0,59205407
26750;155,29680365296804;49,337899543378995;0,85914576
26800;180,41095890410958;49,337899543378995;0,8754754
26850;95,0228310502283;49,49771689497717;0,15150934
26900;120,13698630136986;49,49771689497717;0,28009924
26950;145,2511415525114;49,49771689497717;0,8330692
27000;170,36529680365297;49,49771689497717;0,86888736
27050;195,47945205479454;49,49771689497717;0,88423985
27100;110,09132420091325;49,65753424657534;0,22101678
27150;135,2054794520548;49,65753424657534;0,74659127
27200;160,31963470319636;49,65753424657534;0,8620057
27250;185,4337899543379;49,65753424657534;0,87805086
27300;100,04566210045662;49,817351598173516;0,17563917
27350;125,15981735159818;49,817351598173516;0,3695252
27400;150,27397260273972;49,817351598173516;0,8500692
27450;175,38812785388126;49,817351598173516;0,8715791
27500;90,0;49,97716894977169;0,13771741
27550;115,11415525114155;49,97716894977169;0,2530231
27600;140,2283105022831;49,97716894977169;0,812129
27650;165,34246575342465;49,97716894977169;0,8648168
27700;190,45662100456622;49,97716894977169;0,88058037
27750;105,06849315068493;50,13698630136986;0,2026939
27800;130,1826484018265;50,13698630136986;0,5809405
27850;155,29680365296804;50,13698630136986;0,85775656
27900;180,41095890410958;50,13698630136986;0,87422365
27950;95,0228310502283;50,29680365296804;0,16030405
28000;120,13698630136986;50,29680365296804;0,288462
28050;145,2511415525114;50,29680365296804;0,8315051
28100;170,36529680365297;50,29680365296804;0,8675794
28150;195,47945205479454;50,29680365296804;0,88306445
28200;110,09132420091325;50,45662100456621;0,23273945
28250;135,2054794520548;50,45662100456621;0,74193287
28300;160,31963470319636;50,45662100456621;0,86064017
28350;185,4337899543379;50,45662100456621;0,87682134
28400;100,04566210045662;50,61643835616438;0,18552828
28450;125,15981735159818;50,61643835616438;0,38129595
28500;150,27397260273972;50,61643835616438;0,8486355
28550;175,38812785388126;50,61643835616438;0,87029403
28600;90,0;50,77625570776256;0,14607061
28650;115,11415525114155;50,77625570776256;0,26575416
28700;140,2283105022831;50,77625570776256;0,8102793
28750;165,34246575342465;50,77625570776256;0,86347467
28800;190,45662100456622;50,77625570776256;0,8793728
28850;105,06849315068493;50,93607305936073;0,21371135
28900;130,1826484018265;50,93607305936073;0,57224476
28950;155,29680365296804;50,93607305936073;0,8563559
29000;180,41095890410958;50,93607305936073;0,8729611
29050;95,0228310502283;51,0958904109589;0,1695073
29100;120,13698630136986;51,0958904109589;0,3016113
29150;145,2511415525114;51,0958904109589;0,8299294
29200;170,36529680365297;51,0958904109589;0,8662604
29250;195,47945205479454;51,0958904109589;0,8818786
29300;110,09132420091325;51,25570776255708;0,24488842
29350;135,2054794520548;51,25570776255708;0,7378903
29400;160,31963470319636;51,25570776255708;0,85926324
29450;185,4337899543379;51,25570776255708;0,87558115
29500;100,04566210045662;51,41552511415525;0,19584192
29550;125,15981735159818;51,41552511415525;0,39163208
29600;150,27397260273972;51,41552511415525;0,8471905
29650;175,38812785388126;51,41552511415525;0,868998
29700;90,0;51,57534246575342;0,15449518
29750;115,11415525114155;51,57534246575342;0,27899992
29800;140,2283105022831;51,57534246575342;0,8073115
29850;165,34246575342465;51,57534246575342;0,8621212
29900;190,45662100456622;51,57534246575342;0,8781548
29950;105,06849315068493;51,7351598173516;0,22515862
30000;130,1826484018265;51,7351598173516;0,56927085
30050;155,29680365296804;51,7351598173516;0,85494375
30100;180,41095890410958;51,7351598173516;0,8716878
30150;95,0228310502283;51,894977168949765;0,17912616
30200;120,13698630136986;51,894977168949765;0,3158753
30250;145,2511415525114;51,894977168949765;0,82834196
30300;170,36529680365297;51,894977168949765;0,86493033
30350;195,47945205479454;51,894977168949765;0,88068247
30400;110,09132420091325;52,054794520547944;0,2574588
30450;135,2054794520548;52,054794520547944;0,7350465
30500;160,31963470319636;52,054794520547944;0,857875
30550;185,4337899543379;52,054794520547944;0,8743304
30600;100,04566210045662;52,21461187214612;0,20658338
30650;125,15981735159818;52,21461187214612;0,39697212
30700;150,27397260273972;52,21461187214612;0,84573424
30750;175,38812785388126;52,21461187214612;0,867691
30800;90,0;52,374429223744286;0,16295935
30850;115,11415525114155;52,374429223744286;0,2926427
30900;140,2283105022831;52,374429223744286;0,8044749
30950;165,34246575342465;52,374429223744286;0,86075664
31000;190,45662100456622;52,374429223744286;0,87692624
31050;105,06849315068493;52,534246575342465;0,23703408
31100;130,1826484018265;52,534246575342465;0,571345
31150;155,29680365296804;52,534246575342465;0,8535202
31200;180,41095890410958;52,534246575342465;0,8704036
31250;95,0228310502283;52,69406392694064;0,18916656
31300;120,13698630136986;52,69406392694064;0,33077022
31350;145,2511415525114;52,69406392694064;0,8267756
31400;170,36529680365297;52,69406392694064;0,8635891
31450;195,47945205479454;52,69406392694064;0,8794758
31500;110,09132420091325;52,85388127853881;0,27044332
31550;135,2054794520548;52,85388127853881;0,73601395
31600;160,31963470319636;52,85388127853881;0,85647535
31650;185,4337899543379;52,85388127853881;0,8730688
31700;100,04566210045662;53,013698630136986;0,21775456
31750;125,15981735159818;53,013698630136986;0,40549332
31800;150,27397260273972;53,013698630136986;0,84428465
31850;175,38812785388126;53,013698630136986;0,8663729
31900;90,0;53,17351598173516;0,171793
31950;115,11415525114155;53,17351598173516;0,3066689
32000;140,2283105022831;53,17351598173516;0,8027573
32050;165,34246575342465;53,17351598173516;0,85938066
32100;190,45662100456622;53,17351598173516;0,875687
32150;105,06849315068493;53,33333333333333;0,24933448
32200;130,1826484018265;53,33333333333333;0,5753055
32250;155,29680365296804;53,33333333333333;0,85208505
32300;180,41095890410958;53,33333333333333;0,8691085
32350;95,0228310502283;53,49315068493151;0,19963284
32400;120,13698630136986;53,49315068493151;0,34625152
32450;145,2511415525114;53,49315068493151;0,8252114
32500;170,36529680365297;53,49315068493151;0,8622367
32550;195,47945205479454;53,49315068493151;0,87825876
32600;110,09132420091325;53,65296803652968;0,28383246
32650;135,2054794520548;53,65296803652968;0,737065
32700;160,31963470319636;53,65296803652968;0,8550642
32750;185,4337899543379;53,65296803652968;0,8717964
32800;100,04566210045662;53,81278538812785;0,22935523
32850;125,15981735159818;53,81278538812785;0,41552645
32900;150,27397260273972;53,81278538812785;0,8441119
32950;175,38812785388126;53,81278538812785;0,86504376
33000;90,0;53,97260273972603;0,18053442
33050;115,11415525114155;53,97260273972603;0,32106212
33100;140,2283105022831;53,97260273972603;0,8010283
33150;165,34246575342465;53,97260273972603;0,85799336
33200;190,45662100456622;53,97260273972603;0,87443703
33250;105,06849315068493;54,1324200913242;0,26205385
33300;130,1826484018265;54,1324200913242;0,58153147
33350;155,29680365296804;54,1324200913242;0,8517756
33400;180,41095890410958;54,1324200913242;0,86780244
33450;95,0228310502283;54,29223744292237;0,20986645
33500;120,13698630136986;54,29223744292237;0,36325043
33550;145,2511415525114;54,29223744292237;0,823636
33600;170,36529680365297;54,29223744292237;0,8608729
33650;195,47945205479454;54,29223744292237;0,8770311
33700;110,09132420091325;54,45205479452055;0,29761398
33750;135,2054794520548;54,45205479452055;0,73811346
33800;160,31963470319636;54,45205479452055;0,8546008
33850;185,4337899543379;54,45205479452055;0,87051314
33900;100,04566210045662;54,61187214611872;0,24092959
33950;125,15981735159818;54,61187214611872;0,42687827
34000;150,27397260273972;54,61187214611872;0,84393907
34050;175,38812785388126;54,61187214611872;0,8637034
34100;90,0;54,77168949771689;0,18959
34150;115,11415525114155;54,77168949771689;0,336007
34200;140,2283105022831;54,77168949771689;0,7992879
34250;165,34246575342465;54,77168949771689;0,8573811
34300;190,45662100456622;54,77168949771689;0,8731764
34350;105,06849315068493;54,93150684931507;0,27499032
34400;130,1826484018265;54,93150684931507;0,58721626
34450;155,29680365296804;54,93150684931507;0,85160995
34500;180,41095890410958;54,93150684931507;0,8664853
34550;95,0228310502283;55,09132420091324;0,22033182
34600;120,13698630136986;55,09132420091324;0,3824938
34650;145,2511415525114;55,09132420091324;0,82204956
34700;170,36529680365297;55,09132420091324;0,860117
34750;195,47945205479454;55,09132420091324;0,8757927
34800;110,09132420091325;55,25114155251141;0,31177342
34850;135,2054794520548;55,25114155251141;0,7392616
34900;160,31963470319636;55,25114155251141;0,85443777
34950;185,4337899543379;55,25114155251141;0,869219
35000;100,04566210045662;55,41095890410959;0,2527293
35050;125,15981735159818;55,41095890410959;0,44351965
35100;150,27397260273972;55,41095890410959;0,8427376
35150;175,38812785388126;55,41095890410959;0,86280876
35200;90,0;55,57077625570776;0,20089555
35250;115,11415525114155;55,57077625570776;0,35153225
35300;140,2283105022831;55,57077625570776;0,79753625
35350;165,34246575342465;55,57077625570776;0,85722065
35400;190,45662100456622;55,57077625570776;0,8719049
35450;105,06849315068493;55,730593607305934;0,28813
35500;130,1826484018265;55,730593607305934;0,59813344
35550;155,29680365296804;55,730593607305934;0,8514442
35600;180,41095890410958;55,730593607305934;0,8654569
35650;95,0228310502283;55,89041095890411;0,23224063
35700;120,13698630136986;55,89041095890411;0,40026158
35750;145,2511415525114;55,89041095890411;0,8204518
35800;170,36529680365297;55,89041095890411;0,8599591
35850;195,47945205479454;55,89041095890411;0,87454367
35900;110,09132420091325;56,05022831050228;0,32659677
35950;135,2054794520548;56,05022831050228;0,73918587
36000;160,31963470319636;56,05022831050228;0,8542746
36050;185,4337899543379;56,05022831050228;0,86806166
36100;100,04566210045662;56,210045662100455;0,26535007
36150;125,15981735159818;56,210045662100455;0,4569779
36200;150,27397260273972;56,210045662100455;0,8412898
36250;175,38812785388126;56,210045662100455;0,8626535
36300;90,0;56,369863013698634;0,21164896
36350;115,11415525114155;56,369863013698634;0,37032527
36400;140,2283105022831;56,369863013698634;0,79590935
36450;165,34246575342465;56,369863013698634;0,8570601
36500;190,45662100456622;56,369863013698634;0,8706236
36550;105,06849315068493;56,5296803652968;0,30132735
36600;130,1826484018265;56,5296803652968;0,60737294
36650;155,29680365296804;56,5296803652968;0,85127825
36700;180,41095890410958;56,5296803652968;0,8653042
36750;95,0228310502283;56,68949771689498;0,24295937
36800;120,13698630136986;56,68949771689498;0,41666514
36850;145,2511415525114;56,68949771689498;0,81884295
36900;170,36529680365297;56,68949771689498;0,8598012
36950;195,47945205479454;56,68949771689498;0,8732839
37000;110,09132420091325;56,84931506849315;0,3406495
37050;135,2054794520548;56,84931506849315;0,73821753
37100;160,31963470319636;56,84931506849315;0,85411125
37150;185,4337899543379;56,84931506849315;0,8679114
37200;100,04566210045662;57,00913242009132;0,2770456
37250;125,15981735159818;57,00913242009132;0,47507897
37300;150,27397260273972;57,00913242009132;0,83983123
37350;175,38812785388126;57,00913242009132;0,86249804
37400;90,0;57,1689497716895;0,22188742
37450;115,11415525114155;57,1689497716895;0,3900457
37500;140,2283105022831;57,1689497716895;0,7946147
37550;165,34246575342465;57,1689497716895;0,8568994
37600;190,45662100456622;57,1689497716895;0,87047577
37650;105,06849315068493;57,32876712328767;0,31426933
37700;130,1826484018265;57,32876712328767;0,61752367
37750;155,29680365296804;57,32876712328767;0,850342
37800;180,41095890410958;57,32876712328767;0,8651512
37850;95,0228310502283;57,48858447488584;0,25400922
37900;120,13698630136986;57,48858447488584;0,43313587
37950;145,2511415525114;57,48858447488584;0,8173731
38000;170,36529680365297;57,48858447488584;0,859643
38050;195,47945205479454;57,48858447488584;0,8729977
38100;110,09132420091325;57,64840182648402;0,35529035
38150;135,2054794520548;57,64840182648402;0,74130505
38200;160,31963470319636;57,64840182648402;0,85394776
38250;185,4337899543379;57,64840182648402;0,867761
38300;100,04566210045662;57,80821917808219;0,28905383
38350;125,15981735159818;57,80821917808219;0,49708992
38400;150,27397260273972;57,80821917808219;0,8386246
38450;175,38812785388126;57,80821917808219;0,8623425
38500;90,0;57,96803652968036;0,23508613
38550;115,11415525114155;57,96803652968036;0,41023234
38600;140,2283105022831;57,96803652968036;0,7966033
38650;165,34246575342465;57,96803652968036;0,8567385
38700;190,45662100456622;57,96803652968036;0,8703279
38750;105,06849315068493;58,12785388127854;0,32915276
38800;130,1826484018265;58,12785388127854;0,6280156
38850;155,29680365296804;58,12785388127854;0,84937435
38900;180,41095890410958;58,12785388127854;0,8649981
38950;95,0228310502283;58,28767123287671;0,27046016
39000;120,13698630136986;58,28767123287671;0,45016298
39050;145,2511415525114;58,28767123287671;0,81948125
39100;170,36529680365297;58,28767123287671;0,8594847
39150;195,47945205479454;58,28767123287671;0,87364995
39200;110,09132420091325;58,44748858447488;0,37849975
39250;135,2054794520548;58,44748858447488;0,747325
39300;160,31963470319636;58,44748858447488;0,8549558
39350;185,4337899543379;58,44748858447488;0,86761045
39400;100,04566210045662;58,60730593607306;0,30941275
39450;125,15981735159818;58,60730593607306;0,52337277
39500;150,27397260273972;58,60730593607306;0,8403757
39550;175,38812785388126;58,60730593607306;0,8621867
39600;90,0;58,76712328767123;0,2532259
39650;115,11415525114155;58,76712328767123;0,43244943
39700;140,2283105022831;58,76712328767123;0,80050266
39750;165,34246575342465;58,76712328767123;0,85817814
39800;190,45662100456622;58,76712328767123;0,8712342
39850;105,06849315068493;58,926940639269404;0,35167053
39900;130,1826484018265;58,926940639269404;0,6422034
39950;155,29680365296804;58,926940639269404;0,8513578
40000;180,41095890410958;58,926940639269404;0,8648449
40050;95,0228310502283;59,08675799086758;0,29034418
40100;120,13698630136986;59,08675799086758;0,4734486
40150;145,2511415525114;59,08675799086758;0,8229443
40200;170,36529680365297;59,08675799086758;0,8613406
40250;195,47945205479454;59,08675799086758;0,8758579
40300;110,09132420091325;59,24657534246575;0,40829143
40350;135,2054794520548;59,24657534246575;0,7553638
40400;160,31963470319636;59,24657534246575;0,8584046
40450;185,4337899543379;59,24657534246575;0,8687792
40500;100,04566210045662;59,406392694063925;0,33124676
40550;125,15981735159818;59,406392694063925;0,55073863
40600;150,27397260273972;59,406392694063925;0,8433582
40650;175,38812785388126;59,406392694063925;0,86444366
40700;90,0;59,5662100456621;0,2722671
40750;115,11415525114155;59,5662100456621;0,45826295
40800;140,2283105022831;59,5662100456621;0,80626166
40850;165,34246575342465;59,5662100456621;0,8621651
40900;190,45662100456622;59,5662100456621;0,8736515
40950;105,06849315068493;59,72602739726027;0,3794879
41000;130,1826484018265;59,72602739726027;0,6610021
41050;155,29680365296804;59,72602739726027;0,8537084
41100;180,41095890410958;59,72602739726027;0,8688807
41150;95,0228310502283;59,885844748858446;0,31143957
41200;120,13698630136986;59,885844748858446;0,49823225
41250;145,2511415525114;59,885844748858446;0,8281974
41300;170,36529680365297;59,885844748858446;0,8655669
41350;195,47945205479454;59,885844748858446;0,87850994
41400;110,09132420091325;60,045662100456624;0,43707392
41450;135,2054794520548;60,045662100456624;0,76368904
41500;160,31963470319636;60,045662100456624;0,8618285
41550;185,4337899543379;60,045662100456624;0,8741267
41600;100,04566210045662;60,20547945205479;0,35397068
41650;125,15981735159818;60,20547945205479;0,5736622
41700;150,27397260273972;60,20547945205479;0,8481174
41750;175,38812785388126;60,20547945205479;0,86970085
41800;90,0;60,36529680365297;0,29171917
41850;115,11415525114155;60,36529680365297;0,48181382
41900;140,2283105022831;60,36529680365297;0,81189656
41950;165,34246575342465;60,36529680365297;0,8669048
42000;190,45662100456622;60,36529680365297;0,879192
42050;105,06849315068493;60,52511415525114;0,40887228
42100;130,1826484018265;60,52511415525114;0,67943144
42150;155,29680365296804;60,52511415525114;0,8579699
42200;180,41095890410958;60,52511415525114;0,87491876
42250;95,0228310502283;60,68493150684931;0,3327298
42300;120,13698630136986;60,68493150684931;0,5301051
42350;145,2511415525114;60,68493150684931;0,8333262
42400;170,36529680365297;60,68493150684931;0,87051666
42450;195,47945205479454;60,68493150684931;0,8840804
42500;110,09132420091325;60,84474885844749;0,45903254
42550;135,2054794520548;60,84474885844749;0,7702834
42600;160,31963470319636;60,84474885844749;0,8655803
42650;185,4337899543379;60,84474885844749;0,87995654
42700;100,04566210045662;61,00456621004566;0,37988263
42750;125,15981735159818;61,00456621004566;0,59663355
42800;150,27397260273972;61,00456621004566;0,8527573
42850;175,38812785388126;61,00456621004566;0,8757066
42900;90,0;61,16438356164383;0,311728
42950;115,11415525114155;61,16438356164383;0,5007967
43000;140,2283105022831;61,16438356164383;0,81740475
43050;165,34246575342465;61,16438356164383;0,8722466
43100;190,45662100456622;61,16438356164383;0,8848181
43150;105,06849315068493;61,32420091324201;0,43415007
43200;130,1826484018265;61,32420091324201;0,6950447
43250;155,29680365296804;61,32420091324201;0,8622753
43300;180,41095890410958;61,32420091324201;0,88071686
43350;95,0228310502283;61,48401826484018;0,35487983
43400;120,13698630136986;61,48401826484018;0,5580525
43450;145,2511415525114;61,48401826484018;0,83833176
43500;170,36529680365297;61,48401826484018;0,8767462
43550;195,47945205479454;61,48401826484018;0,88950753
43600;110,09132420091325;61,64383561643835;0,48084536
43650;135,2054794520548;61,64383561643835;0,7745619
43700;160,31963470319636;61,64383561643835;0,8694701
43750;185,4337899543379;61,64383561643835;0,88555175
43800;100,04566210045662;61,80365296803653;0,40436527
43850;125,15981735159818;61,80365296803653;0,6184039
43900;150,27397260273972;61,80365296803653;0,85727924
43950;175,38812785388126;61,80365296803653;0,88157475
44000;90,0;61,9634703196347;0,33246496
44050;115,11415525114155;61,9634703196347;0,51890206
44100;140,2283105022831;61,9634703196347;0,82278675
44150;165,34246575342465;61,9634703196347;0,87700343
44200;190,45662100456622;61,9634703196347;0,890215
44250;105,06849315068493;62,12328767123287;0,45600095
44300;130,1826484018265;62,12328767123287;0,70290023
44350;155,29680365296804;62,12328767123287;0,8664706
44400;180,41095890410958;62,12328767123287;0,8862813
44450;95,0228310502283;62,28310502283105;0,37578
44500;120,13698630136986;62,28310502283105;0,58083236
44550;145,2511415525114;62,28310502283105;0,84321535
44600;170,36529680365297;62,28310502283105;0,88314706
44650;195,47945205479454;62,28310502283105;0,8947109
44700;110,09132420091325;62,44292237442922;0,49885273
44750;135,2054794520548;62,44292237442922;0,7787776
44800;160,31963470319636;62,44292237442922;0,87347835
44850;185,4337899543379;62,44292237442922;0,89091843
44900;100,04566210045662;62,602739726027394;0,42842
44950;125,15981735159818;62,602739726027394;0,6340207
45000;150,27397260273972;62,602739726027394;0,8616849
45050;175,38812785388126;62,602739726027394;0,887757
45100;90,0;62,762557077625566;0,35190096
45150;115,11415525114155;62,762557077625566;0,5373217
45200;140,2283105022831;62,762557077625566;0,8280436
45250;165,34246575342465;62,762557077625566;0,881315
45300;190,45662100456622;62,762557077625566;0,8953889
45350;105,06849315068493;62,922374429223744;0,47752124
45400;130,1826484018265;62,922374429223744;0,70992434
45450;155,29680365296804;62,922374429223744;0,8705572
45500;180,41095890410958;62,922374429223744;0,8922072
45550;95,0228310502283;63,082191780821915;0,3974737
45600;120,13698630136986;63,082191780821915;0,59942967
45650;145,2511415525114;63,082191780821915;0,8479781
45700;170,36529680365297;63,082191780821915;0,8892575
45750;195,47945205479454;63,082191780821915;0,89969677
45800;110,09132420091325;63,24200913242009;0,5179505
45850;135,2054794520548;63,24200913242009;0,7832315
45900;160,31963470319636;63,24200913242009;0,87738085
45950;185,4337899543379;63,24200913242009;0,89650154
46000;100,04566210045662;63,401826484018265;0,4511051
46050;125,15981735159818;63,401826484018265;0,64638066
46100;150,27397260273972;63,401826484018265;0,8659758
46150;175,38812785388126;63,401826484018265;0,89365536
46200;90,0;63,56164383561644;0,37010235
46250;115,11415525114155;63,56164383561644;0,55556846
46300;140,2283105022831;63,56164383561644;0,8336756
46350;165,34246575342465;63,56164383561644;0,88539374
46400;190,45662100456622;63,56164383561644;0,9006439
46450;105,06849315068493;63,72146118721461;0,4983276
46500;130,1826484018265;63,72146118721461;0,7173277
46550;155,29680365296804;63,72146118721461;0,8745369
46600;180,41095890410958;63,72146118721461;0,8978987
46650;95,0228310502283;63,881278538812786;0,42049825
46700;120,13698630136986;63,881278538812786;0,6150614
46750;145,2511415525114;63,881278538812786;0,853069
46800;170,36529680365297;63,881278538812786;0,893985
46850;195,47945205479454;63,881278538812786;0,9046381
46900;110,09132420091325;64,04109589041096;0,53480464
46950;135,2054794520548;64,04109589041096;0,7878811
47000;160,31963470319636;64,04109589041096;0,88117933
47050;185,4337899543379;64,04109589041096;0,9019912
47100;100,04566210045662;64,20091324200914;0,47229806
47150;125,15981735159818;64,20091324200914;0,6558939
47200;150,27397260273972;64,20091324200914;0,87055224
47250;175,38812785388126;64,20091324200914;0,89927906
47300;90,0;64,36073059360731;0,38973403
47350;115,11415525114155;64,36073059360731;0,5724741
47400;140,2283105022831;64,36073059360731;0,8389561
47450;165,34246575342465;64,36073059360731;0,88935
47500;190,45662100456622;64,36073059360731;0,9059369
47550;105,06849315068493;64,52054794520548;0,5150495
47600;130,1826484018265;64,52054794520548;0,7246155
47650;155,29680365296804;64,52054794520548;0,8787845
47700;180,41095890410958;64,52054794520548;0,9033222
47750;95,0228310502283;64,68036529680364;0,44387403
47800;120,13698630136986;64,68036529680364;0,627858
47850;145,2511415525114;64,68036529680364;0,8584907
47900;170,36529680365297;64,68036529680364;0,8976927
47950;195,47945205479454;64,68036529680364;0,90973955
48000;110,09132420091325;64,84018264840182;0,5470036
48050;135,2054794520548;64,84018264840182;0,79245734
48100;160,31963470319636;64,84018264840182;0,8852282
48150;185,4337899543379;64,84018264840182;0,90721977
48200;100,04566210045662;65,0;0,4935913
48250;125,15981735159818;65,0;0,66475934
48300;150,27397260273972;65,0;0,8754231
48350;175,38812785388126;65,0;0,904637
